target_gene,accession,hit_rows,guides_with_hits,unique_offtarget_sequences,min_mismatch,max_mismatch
blaKPC,GCA_000013465.1,1,1,1,4,4
blaKPC,GCF_000364385.3,16,3,16,3,4
blaKPC,GCF_000418345.1,2,2,2,4,4
blaKPC,GCF_000597845.1,4,2,4,4,4
blaKPC,GCF_000597965.1,1,1,1,4,4
blaKPC,GCF_000599625.1,4,2,4,4,4
blaKPC,GCF_000599645.1,4,2,4,4,4
blaKPC,GCF_000599665.1,4,2,4,4,4
blaKPC,GCF_000599685.1,4,2,4,4,4
blaKPC,GCF_000599705.1,4,2,4,4,4
blaKPC,GCF_000626615.2,1,1,1,4,4
blaKPC,GCF_000695215.1,1,1,1,4,4
blaKPC,GCF_000695875.1,1,1,1,4,4
blaKPC,GCF_000709475.1,2,2,2,4,4
blaKPC,GCF_000739495.1,17,3,17,3,4
blaKPC,GCF_000746505.1,1,1,1,4,4
blaKPC,GCF_000764615.1,14,3,14,3,4
blaKPC,GCF_000769575.1,1,1,1,4,4
blaKPC,GCF_000775955.1,16,3,16,3,4
blaKPC,GCF_000784925.1,3,2,3,4,4
blaKPC,GCF_000801165.1,2,1,2,4,4
blaKPC,GCF_000801185.2,3,2,3,4,4
blaKPC,GCF_000807395.2,13,3,13,3,4
blaKPC,GCF_000814145.2,4,2,4,4,4
blaKPC,GCF_000814305.1,13,3,13,3,4
blaKPC,GCF_000815045.1,1,1,1,4,4
blaKPC,GCF_000815085.1,1,1,1,4,4
blaKPC,GCF_000815125.1,1,1,1,4,4
blaKPC,GCF_000815165.1,1,1,1,4,4
blaKPC,GCF_000815205.1,1,1,1,4,4
blaKPC,GCF_000968155.1,17,3,17,3,4
blaKPC,GCF_001022035.1,16,3,16,3,4
blaKPC,GCF_001022175.1,15,3,15,3,4
blaKPC,GCF_001022235.1,13,3,13,3,4
blaNDM1,GCF_000364385.3,5,3,5,0,4
blaNDM1,GCF_000599665.1,1,1,1,4,4
blaNDM1,GCF_000599685.1,1,1,1,4,4
blaNDM1,GCF_000599705.1,1,1,1,4,4
blaNDM1,GCF_000739495.1,5,3,5,0,4
blaNDM1,GCF_000764615.1,6,3,4,0,4
blaNDM1,GCF_000775955.1,2,1,2,4,4
blaNDM1,GCF_000784925.1,1,1,1,4,4
blaNDM1,GCF_000807395.2,4,2,4,4,4
blaNDM1,GCF_000814145.2,5,2,2,0,4
blaNDM1,GCF_000814305.1,4,2,4,4,4
blaNDM1,GCF_000968155.1,4,3,4,4,4
blaNDM1,GCF_001022035.1,4,2,4,4,4
blaNDM1,GCF_001022175.1,2,1,2,4,4
blaNDM1,GCF_001022235.1,4,2,4,4,4
mcr1,GCA_000013465.1,2,1,2,4,4
mcr1,GCF_000364385.3,72,5,72,1,4
mcr1,GCF_000418345.1,2,1,2,4,4
mcr1,GCF_000597845.1,18,3,16,3,4
mcr1,GCF_000597965.1,1,1,1,4,4
mcr1,GCF_000599625.1,18,3,16,3,4
mcr1,GCF_000599645.1,17,3,16,3,4
mcr1,GCF_000599665.1,12,4,12,3,4
mcr1,GCF_000599685.1,12,4,12,3,4
mcr1,GCF_000599705.1,11,3,11,3,4
mcr1,GCF_000626615.2,2,1,2,4,4
mcr1,GCF_000695875.1,2,1,2,4,4
mcr1,GCF_000709475.1,2,1,2,4,4
mcr1,GCF_000739495.1,70,5,70,1,4
mcr1,GCF_000746505.1,2,1,2,4,4
mcr1,GCF_000756205.1,2,1,2,4,4
mcr1,GCF_000764615.1,72,5,72,1,4
mcr1,GCF_000769575.1,2,1,2,4,4
mcr1,GCF_000772025.1,2,1,2,4,4
mcr1,GCF_000775955.1,67,5,67,1,4
mcr1,GCF_000784925.1,17,3,17,3,4
mcr1,GCF_000801165.1,17,4,17,3,4
mcr1,GCF_000801185.2,17,4,17,3,4
mcr1,GCF_000807395.2,71,5,71,1,4
mcr1,GCF_000814145.2,20,4,20,3,4
mcr1,GCF_000814305.1,71,5,71,1,4
mcr1,GCF_000815045.1,2,1,2,4,4
mcr1,GCF_000815085.1,2,1,2,4,4
mcr1,GCF_000815125.1,2,1,2,4,4
mcr1,GCF_000815165.1,2,1,2,4,4
mcr1,GCF_000815205.1,2,1,2,4,4
mcr1,GCF_000968155.1,71,5,71,1,4
mcr1,GCF_001022035.1,69,5,69,1,4
mcr1,GCF_001022175.1,73,5,73,1,4
mcr1,GCF_001022235.1,68,5,68,1,4
mecA,GCA_000013465.1,5,2,5,3,4
mecA,GCF_000364385.3,58,5,58,2,4
mecA,GCF_000418345.1,5,2,5,3,4
mecA,GCF_000597845.1,20,3,20,3,4
mecA,GCF_000597965.1,3,2,3,3,4
mecA,GCF_000599625.1,20,3,20,3,4
mecA,GCF_000599645.1,20,3,20,3,4
mecA,GCF_000599665.1,17,2,17,3,4
mecA,GCF_000599685.1,17,2,17,3,4
mecA,GCF_000599705.1,17,2,17,3,4
mecA,GCF_000626615.2,5,2,5,3,4
mecA,GCF_000695215.1,4,2,4,3,4
mecA,GCF_000695875.1,5,2,5,3,4
mecA,GCF_000709475.1,5,2,5,3,4
mecA,GCF_000739495.1,57,5,57,2,4
mecA,GCF_000746505.1,5,2,5,3,4
mecA,GCF_000756205.1,4,3,4,3,4
mecA,GCF_000764615.1,63,5,63,2,4
mecA,GCF_000769575.1,5,2,5,3,4
mecA,GCF_000772025.1,4,3,4,3,4
mecA,GCF_000775955.1,71,5,59,2,4
mecA,GCF_000784925.1,26,2,23,3,4
mecA,GCF_000801165.1,21,2,21,3,4
mecA,GCF_000801185.2,18,2,18,3,4
mecA,GCF_000807395.2,56,5,56,2,4
mecA,GCF_000814145.2,15,2,15,4,4
mecA,GCF_000814305.1,55,5,55,2,4
mecA,GCF_000815045.1,5,2,5,3,4
mecA,GCF_000815085.1,5,2,5,3,4
mecA,GCF_000815125.1,5,2,5,3,4
mecA,GCF_000815165.1,5,2,5,3,4
mecA,GCF_000815205.1,5,2,5,3,4
mecA,GCF_000968155.1,59,5,59,2,4
mecA,GCF_001022035.1,57,5,57,2,4
mecA,GCF_001022175.1,55,4,55,2,4
mecA,GCF_001022235.1,57,5,57,2,4
