target_gene,guide_id,accession,locus,ORF_ID,Best_Hit_ARO,ARO,Drug Class,Resistance Mechanism,AMR Gene Family,Model_type,Cut_Off,Best_Identities,Percentage Length of Reference Sequence
blaKPC,blaKPC_riskaware_top2,GCF_000739495.1,NZ_CP009114.1:3406516-3407679:+,blaKPC|blaKPC_riskaware_top2|GCF_000739495.1|NZ_CP009114.1:3406516-3407679:+|gene=nan|product=multidrug_effflux_MFS_transporter|record=23_1 # 1 # 1164 # 1 # ID=23_1;partial=10;start_type=Edge;rbs_motif=None;rbs_spacer=None;gc_cont=0.643,bcr-1,3003801,bicyclomycin-like antibiotic,antibiotic efflux,major facilitator superfamily (MFS) antibiotic efflux pump,protein homolog model,Loose,37.23,96.27
blaKPC,blaKPC_riskaware_top2,GCF_000775955.1,NZ_CP009461.1:4961162-4962325:-,blaKPC|blaKPC_riskaware_top2|GCF_000775955.1|NZ_CP009461.1:4961162-4962325:-|gene=nan|product=multidrug_effflux_MFS_transporter|record=29_1 # 1 # 1164 # 1 # ID=29_1;partial=10;start_type=Edge;rbs_motif=None;rbs_spacer=None;gc_cont=0.643,bcr-1,3003801,bicyclomycin-like antibiotic,antibiotic efflux,major facilitator superfamily (MFS) antibiotic efflux pump,protein homolog model,Loose,37.23,96.27
blaKPC,blaKPC_riskaware_top2,GCF_000968155.1,NZ_FO834906.1:66779-67942:-,blaKPC|blaKPC_riskaware_top2|GCF_000968155.1|NZ_FO834906.1:66779-67942:-|gene=nan|product=multidrug_effflux_MFS_transporter|record=39_1 # 1 # 1164 # 1 # ID=39_1;partial=10;start_type=Edge;rbs_motif=None;rbs_spacer=None;gc_cont=0.643,bcr-1,3003801,bicyclomycin-like antibiotic,antibiotic efflux,major facilitator superfamily (MFS) antibiotic efflux pump,protein homolog model,Loose,37.23,96.27
blaKPC,blaKPC_riskaware_top4,GCF_000597845.1,NZ_CP007265.1:949533-951119:+,blaKPC|blaKPC_riskaware_top4|GCF_000597845.1|NZ_CP007265.1:949533-951119:+|gene=prpR|product=propionate_catabolism_operon_regulatory_protein_PrpR|record=56_1 # 1 # 1587 # 1 # ID=56_1;partial=10;start_type=Edge;rbs_motif=None;rbs_spacer=None;gc_cont=0.551,TxR,3005008,tetracycline antibiotic,antibiotic efflux,ATP-binding cassette (ABC) antibiotic efflux pump,protein homolog model,Loose,40.84,166.04
blaKPC,blaKPC_riskaware_top4,GCF_000599625.1,NZ_CP007390.1:3523343-3524929:+,blaKPC|blaKPC_riskaware_top4|GCF_000599625.1|NZ_CP007390.1:3523343-3524929:+|gene=prpR|product=propionate_catabolism_operon_regulatory_protein_PrpR|record=58_1 # 1 # 1587 # 1 # ID=58_1;partial=10;start_type=Edge;rbs_motif=None;rbs_spacer=None;gc_cont=0.551,TxR,3005008,tetracycline antibiotic,antibiotic efflux,ATP-binding cassette (ABC) antibiotic efflux pump,protein homolog model,Loose,40.84,166.04
blaKPC,blaKPC_riskaware_top4,GCF_000599645.1,NZ_CP007391.1:3622464-3624050:+,blaKPC|blaKPC_riskaware_top4|GCF_000599645.1|NZ_CP007391.1:3622464-3624050:+|gene=prpR|product=propionate_catabolism_operon_regulatory_protein_PrpR|record=59_1 # 1 # 1587 # 1 # ID=59_1;partial=10;start_type=Edge;rbs_motif=None;rbs_spacer=None;gc_cont=0.551,TxR,3005008,tetracycline antibiotic,antibiotic efflux,ATP-binding cassette (ABC) antibiotic efflux pump,protein homolog model,Loose,40.84,166.04
blaNDM1,blaNDM1_riskaware_top4,GCF_000364385.3,NZ_CP006661.1:122191-123003:+,blaNDM1|blaNDM1_riskaware_top4|GCF_000364385.3|NZ_CP006661.1:122191-123003:+|gene=nan|product=subclass_B1_metallo-beta-lactamase_NDM-1|record=126_1 # 1 # 813 # 1 # ID=126_1;partial=10;start_type=Edge;rbs_motif=None;rbs_spacer=None;gc_cont=0.615,NDM-1,3000589,carbapenem; cephalosporin; penicillin beta-lactam,antibiotic inactivation,NDM beta-lactamase,protein homolog model,Perfect,100.0,100.0
blaNDM1,blaNDM1_riskaware_top4,GCF_000739495.1,NZ_CP009115.1:30287-31099:+,blaNDM1|blaNDM1_riskaware_top4|GCF_000739495.1|NZ_CP009115.1:30287-31099:+|gene=nan|product=subclass_B1_metallo-beta-lactamase_NDM-1|record=127_1 # 1 # 813 # 1 # ID=127_1;partial=10;start_type=Edge;rbs_motif=None;rbs_spacer=None;gc_cont=0.615,NDM-1,3000589,carbapenem; cephalosporin; penicillin beta-lactam,antibiotic inactivation,NDM beta-lactamase,protein homolog model,Perfect,100.0,100.0
blaNDM1,blaNDM1_riskaware_top4,GCF_000764615.1,NZ_CP008933.1:47947-48759:+,blaNDM1|blaNDM1_riskaware_top4|GCF_000764615.1|NZ_CP008933.1:47947-48759:+|gene=nan|product=subclass_B1_metallo-beta-lactamase_NDM-1|record=128_1 # 1 # 813 # 1 # ID=128_1;partial=10;start_type=Edge;rbs_motif=None;rbs_spacer=None;gc_cont=0.615,NDM-1,3000589,carbapenem; cephalosporin; penicillin beta-lactam,antibiotic inactivation,NDM beta-lactamase,protein homolog model,Perfect,100.0,100.0
blaNDM1,blaNDM1_riskaware_top4,GCF_000764615.1,NZ_CP008933.1:56535-57347:+,blaNDM1|blaNDM1_riskaware_top4|GCF_000764615.1|NZ_CP008933.1:56535-57347:+|gene=nan|product=subclass_B1_metallo-beta-lactamase_NDM-1|record=129_1 # 1 # 813 # 1 # ID=129_1;partial=10;start_type=Edge;rbs_motif=None;rbs_spacer=None;gc_cont=0.615,NDM-1,3000589,carbapenem; cephalosporin; penicillin beta-lactam,antibiotic inactivation,NDM beta-lactamase,protein homolog model,Perfect,100.0,100.0
blaNDM1,blaNDM1_riskaware_top4,GCF_000764615.1,NZ_CP008933.1:65123-65935:+,blaNDM1|blaNDM1_riskaware_top4|GCF_000764615.1|NZ_CP008933.1:65123-65935:+|gene=nan|product=subclass_B1_metallo-beta-lactamase_NDM-1|record=130_1 # 1 # 813 # 1 # ID=130_1;partial=10;start_type=Edge;rbs_motif=None;rbs_spacer=None;gc_cont=0.615,NDM-1,3000589,carbapenem; cephalosporin; penicillin beta-lactam,antibiotic inactivation,NDM beta-lactamase,protein homolog model,Perfect,100.0,100.0
blaNDM1,blaNDM1_riskaware_top4,GCF_000814145.2,NZ_CP010373.2:183987-184799:-,blaNDM1|blaNDM1_riskaware_top4|GCF_000814145.2|NZ_CP010373.2:183987-184799:-|gene=nan|product=subclass_B1_metallo-beta-lactamase_NDM-1|record=132_1 # 1 # 813 # 1 # ID=132_1;partial=10;start_type=Edge;rbs_motif=None;rbs_spacer=None;gc_cont=0.615,NDM-1,3000589,carbapenem; cephalosporin; penicillin beta-lactam,antibiotic inactivation,NDM beta-lactamase,protein homolog model,Perfect,100.0,100.0
blaNDM1,blaNDM1_riskaware_top4,GCF_000814145.2,NZ_CP010373.2:192999-193811:-,blaNDM1|blaNDM1_riskaware_top4|GCF_000814145.2|NZ_CP010373.2:192999-193811:-|gene=nan|product=subclass_B1_metallo-beta-lactamase_NDM-1|record=133_1 # 1 # 813 # 1 # ID=133_1;partial=10;start_type=Edge;rbs_motif=None;rbs_spacer=None;gc_cont=0.615,NDM-1,3000589,carbapenem; cephalosporin; penicillin beta-lactam,antibiotic inactivation,NDM beta-lactamase,protein homolog model,Perfect,100.0,100.0
mcr1,mcr1_riskaware_top4,GCF_000364385.3,NZ_CP006659.2:78377-79075:-,mcr1|mcr1_riskaware_top4|GCF_000364385.3|NZ_CP006659.2:78377-79075:-|gene=cpxR|product=envelope_stress_response_regulator_transcription_factor_CpxR|record=168_1 # 1 # 699 # 1 # ID=168_1;partial=10;start_type=Edge;rbs_motif=None;rbs_spacer=None;gc_cont=0.567,Pseudomonas aeruginosa CpxR,3004054,macrolide antibiotic; fluoroquinolone antibiotic; monobactam; aminoglycoside antibiotic; carbapenem; cephalosporin; penicillin beta-lactam; tetracycline antibiotic; peptide antibiotic; aminocoumarin antibiotic; diaminopyrimidine antibiotic; sulfonamide antibiotic; phenicol antibiotic,antibiotic efflux,resistance-nodulation-cell division (RND) antibiotic efflux pump,protein homolog model,Loose,48.68,103.11
mcr1,mcr1_riskaware_top4,GCF_000364385.3,NZ_CP006659.2:370805-372325:-,mcr1|mcr1_riskaware_top4|GCF_000364385.3|NZ_CP006659.2:370805-372325:-|gene=nan|product=sugar_ABC_transporter_ATP-binding_protein|record=169_1 # 1 # 1521 # 1 # ID=169_1;partial=10;start_type=Edge;rbs_motif=None;rbs_spacer=None;gc_cont=0.636,macB,3000535,macrolide antibiotic,antibiotic efflux,ATP-binding cassette (ABC) antibiotic efflux pump,protein homolog model,Loose,32.38,78.57
mcr1,mcr1_riskaware_top4,GCF_000364385.3,NZ_CP006659.2:1388391-1389188:-,mcr1|mcr1_riskaware_top4|GCF_000364385.3|NZ_CP006659.2:1388391-1389188:-|gene=nan|product=ABC_transporter_ATP-binding_protein|record=171_1 # 1 # 798 # 1 # ID=171_1;partial=10;start_type=Edge;rbs_motif=None;rbs_spacer=None;gc_cont=0.653,bcrA,3002987,peptide antibiotic,antibiotic efflux,ATP-binding cassette (ABC) antibiotic efflux pump,protein homolog model,Loose,28.5,86.6
mcr1,mcr1_riskaware_top4,GCF_000364385.3,NZ_CP006659.2:2429296-2430309:+,mcr1|mcr1_riskaware_top4|GCF_000364385.3|NZ_CP006659.2:2429296-2430309:+|gene=nan|product=methionine_ABC_transporter_ATP-binding_protein|record=173_1 # 1 # 1014 # 1 # ID=173_1;partial=10;start_type=Edge;rbs_motif=None;rbs_spacer=None;gc_cont=0.548,macB,3000535,macrolide antibiotic,antibiotic efflux,ATP-binding cassette (ABC) antibiotic efflux pump,protein homolog model,Loose,30.84,52.33
mcr1,mcr1_riskaware_top4,GCF_000364385.3,NZ_CP006659.2:3627042-3628457:+,mcr1|mcr1_riskaware_top4|GCF_000364385.3|NZ_CP006659.2:3627042-3628457:+|gene=nan|product=MFS_transporter|record=176_1 # 1 # 1416 # 1 # ID=176_1;partial=10;start_type=Edge;rbs_motif=None;rbs_spacer=None;gc_cont=0.600,emrB,3000074,fluoroquinolone antibiotic,antibiotic efflux,major facilitator superfamily (MFS) antibiotic efflux pump,protein homolog model,Loose,28.68,91.99
mcr1,mcr1_riskaware_top4,GCF_000364385.3,NZ_CP006659.2:4269332-4271404:+,mcr1|mcr1_riskaware_top4|GCF_000364385.3|NZ_CP006659.2:4269332-4271404:+|gene=flhA|product=formate_hydrogenlyase_transcriptional_activator_FlhA|record=179_1 # 1 # 2073 # 1 # ID=179_1;partial=10;start_type=Edge;rbs_motif=None;rbs_spacer=None;gc_cont=0.609,TxR,3005008,tetracycline antibiotic,antibiotic efflux,ATP-binding cassette (ABC) antibiotic efflux pump,protein homolog model,Loose,39.14,216.98
mcr1,mcr1_riskaware_top4,GCF_000739495.1,NZ_CP009114.1:610849-611862:+,mcr1|mcr1_riskaware_top4|GCF_000739495.1|NZ_CP009114.1:610849-611862:+|gene=nan|product=methionine_ABC_transporter_ATP-binding_protein|record=221_1 # 1 # 1014 # 1 # ID=221_1;partial=10;start_type=Edge;rbs_motif=None;rbs_spacer=None;gc_cont=0.548,macB,3000535,macrolide antibiotic,antibiotic efflux,ATP-binding cassette (ABC) antibiotic efflux pump,protein homolog model,Loose,30.84,52.33
mcr1,mcr1_riskaware_top4,GCF_000739495.1,NZ_CP009114.1:1773420-1774658:+,mcr1|mcr1_riskaware_top4|GCF_000739495.1|NZ_CP009114.1:1773420-1774658:+|gene=nan|product=MdtA/MuxA_family_multidrug_efflux_RND_transporter_periplasmic_adaptor_subunit|record=224_1 # 1 # 1239 # 1 # ID=224_1;partial=10;start_type=Edge;rbs_motif=None;rbs_spacer=None;gc_cont=0.655,mdtA,3000792,aminocoumarin antibiotic,antibiotic efflux,resistance-nodulation-cell division (RND) antibiotic efflux pump,protein homolog model,Loose,78.55,99.28
mcr1,mcr1_riskaware_top4,GCF_000739495.1,NZ_CP009114.1:2341388-2343460:+,mcr1|mcr1_riskaware_top4|GCF_000739495.1|NZ_CP009114.1:2341388-2343460:+|gene=flhA|product=formate_hydrogenlyase_transcriptional_activator_FlhA|record=227_1 # 1 # 2073 # 1 # ID=227_1;partial=10;start_type=Edge;rbs_motif=None;rbs_spacer=None;gc_cont=0.609,TxR,3005008,tetracycline antibiotic,antibiotic efflux,ATP-binding cassette (ABC) antibiotic efflux pump,protein homolog model,Loose,39.14,216.98
mcr1,mcr1_riskaware_top4,GCF_000739495.1,NZ_CP009114.1:3586952-3587650:-,mcr1|mcr1_riskaware_top4|GCF_000739495.1|NZ_CP009114.1:3586952-3587650:-|gene=cpxR|product=envelope_stress_response_regulator_transcription_factor_CpxR|record=228_1 # 1 # 699 # 1 # ID=228_1;partial=10;start_type=Edge;rbs_motif=None;rbs_spacer=None;gc_cont=0.565,Pseudomonas aeruginosa CpxR,3004054,macrolide antibiotic; fluoroquinolone antibiotic; monobactam; aminoglycoside antibiotic; carbapenem; cephalosporin; penicillin beta-lactam; tetracycline antibiotic; peptide antibiotic; aminocoumarin antibiotic; diaminopyrimidine antibiotic; sulfonamide antibiotic; phenicol antibiotic,antibiotic efflux,resistance-nodulation-cell division (RND) antibiotic efflux pump,protein homolog model,Loose,48.68,103.11
mcr1,mcr1_riskaware_top4,GCF_000739495.1,NZ_CP009114.1:3873493-3875013:-,mcr1|mcr1_riskaware_top4|GCF_000739495.1|NZ_CP009114.1:3873493-3875013:-|gene=nan|product=sugar_ABC_transporter_ATP-binding_protein|record=229_1 # 1 # 1521 # 1 # ID=229_1;partial=10;start_type=Edge;rbs_motif=None;rbs_spacer=None;gc_cont=0.635,macB,3000535,macrolide antibiotic,antibiotic efflux,ATP-binding cassette (ABC) antibiotic efflux pump,protein homolog model,Loose,32.38,78.57
mcr1,mcr1_riskaware_top4,GCF_000739495.1,NZ_CP009114.1:4869481-4870278:-,mcr1|mcr1_riskaware_top4|GCF_000739495.1|NZ_CP009114.1:4869481-4870278:-|gene=nan|product=ABC_transporter_ATP-binding_protein|record=231_1 # 1 # 798 # 1 # ID=231_1;partial=10;start_type=Edge;rbs_motif=None;rbs_spacer=None;gc_cont=0.653,bcrA,3002987,peptide antibiotic,antibiotic efflux,ATP-binding cassette (ABC) antibiotic efflux pump,protein homolog model,Loose,28.5,86.6
mcr1,mcr1_riskaware_top4,GCF_000764615.1,NZ_CP008929.1:24150-25388:+,mcr1|mcr1_riskaware_top4|GCF_000764615.1|NZ_CP008929.1:24150-25388:+|gene=nan|product=MdtA/MuxA_family_multidrug_efflux_RND_transporter_periplasmic_adaptor_subunit|record=233_1 # 1 # 1239 # 1 # ID=233_1;partial=10;start_type=Edge;rbs_motif=None;rbs_spacer=None;gc_cont=0.658,mdtA,3000792,aminocoumarin antibiotic,antibiotic efflux,resistance-nodulation-cell division (RND) antibiotic efflux pump,protein homolog model,Loose,78.31,99.28
mcr1,mcr1_riskaware_top4,GCF_000764615.1,NZ_CP008929.1:598619-600691:+,mcr1|mcr1_riskaware_top4|GCF_000764615.1|NZ_CP008929.1:598619-600691:+|gene=flhA|product=formate_hydrogenlyase_transcriptional_activator_FlhA|record=238_1 # 1 # 2073 # 1 # ID=238_1;partial=10;start_type=Edge;rbs_motif=None;rbs_spacer=None;gc_cont=0.611,TxR,3005008,tetracycline antibiotic,antibiotic efflux,ATP-binding cassette (ABC) antibiotic efflux pump,protein homolog model,Loose,38.82,216.98
mcr1,mcr1_riskaware_top4,GCF_000764615.1,NZ_CP008929.1:1830439-1831137:-,mcr1|mcr1_riskaware_top4|GCF_000764615.1|NZ_CP008929.1:1830439-1831137:-|gene=cpxR|product=envelope_stress_response_regulator_transcription_factor_CpxR|record=239_1 # 1 # 699 # 1 # ID=239_1;partial=10;start_type=Edge;rbs_motif=None;rbs_spacer=None;gc_cont=0.567,Pseudomonas aeruginosa CpxR,3004054,macrolide antibiotic; fluoroquinolone antibiotic; monobactam; aminoglycoside antibiotic; carbapenem; cephalosporin; penicillin beta-lactam; tetracycline antibiotic; peptide antibiotic; aminocoumarin antibiotic; diaminopyrimidine antibiotic; sulfonamide antibiotic; phenicol antibiotic,antibiotic efflux,resistance-nodulation-cell division (RND) antibiotic efflux pump,protein homolog model,Loose,48.68,103.11
mcr1,mcr1_riskaware_top4,GCF_000764615.1,NZ_CP008929.1:2117143-2118663:-,mcr1|mcr1_riskaware_top4|GCF_000764615.1|NZ_CP008929.1:2117143-2118663:-|gene=nan|product=sugar_ABC_transporter_ATP-binding_protein|record=240_1 # 1 # 1521 # 1 # ID=240_1;partial=10;start_type=Edge;rbs_motif=None;rbs_spacer=None;gc_cont=0.634,macB,3000535,macrolide antibiotic,antibiotic efflux,ATP-binding cassette (ABC) antibiotic efflux pump,protein homolog model,Loose,32.38,78.57
mcr1,mcr1_riskaware_top4,GCF_000764615.1,NZ_CP008929.1:3084222-3085019:-,mcr1|mcr1_riskaware_top4|GCF_000764615.1|NZ_CP008929.1:3084222-3085019:-|gene=nan|product=ABC_transporter_ATP-binding_protein|record=242_1 # 1 # 798 # 1 # ID=242_1;partial=10;start_type=Edge;rbs_motif=None;rbs_spacer=None;gc_cont=0.653,tetA(46),3004032,tetracycline antibiotic,antibiotic efflux,ATP-binding cassette (ABC) antibiotic efflux pump,protein homolog model,Loose,27.87,46.17
mcr1,mcr1_riskaware_top4,GCF_000764615.1,NZ_CP008929.1:4062069-4063082:+,mcr1|mcr1_riskaware_top4|GCF_000764615.1|NZ_CP008929.1:4062069-4063082:+|gene=nan|product=methionine_ABC_transporter_ATP-binding_protein|record=245_1 # 1 # 1014 # 1 # ID=245_1;partial=10;start_type=Edge;rbs_motif=None;rbs_spacer=None;gc_cont=0.554,macB,3000535,macrolide antibiotic,antibiotic efflux,ATP-binding cassette (ABC) antibiotic efflux pump,protein homolog model,Loose,30.84,52.33
mcr1,mcr1_riskaware_top4,GCF_000775955.1,NZ_CP009461.1:831066-833138:-,mcr1|mcr1_riskaware_top4|GCF_000775955.1|NZ_CP009461.1:831066-833138:-|gene=flhA|product=formate_hydrogenlyase_transcriptional_activator_FlhA|record=248_1 # 1 # 2073 # 1 # ID=248_1;partial=10;start_type=Edge;rbs_motif=None;rbs_spacer=None;gc_cont=0.608,TxR,3005008,tetracycline antibiotic,antibiotic efflux,ATP-binding cassette (ABC) antibiotic efflux pump,protein homolog model,Loose,39.14,216.98
mcr1,mcr1_riskaware_top4,GCF_000775955.1,NZ_CP009461.1:1431529-1432767:-,mcr1|mcr1_riskaware_top4|GCF_000775955.1|NZ_CP009461.1:1431529-1432767:-|gene=nan|product=MdtA/MuxA_family_multidrug_efflux_RND_transporter_periplasmic_adaptor_subunit|record=251_1 # 1 # 1239 # 1 # ID=251_1;partial=10;start_type=Edge;rbs_motif=None;rbs_spacer=None;gc_cont=0.655,mdtA,3000792,aminocoumarin antibiotic,antibiotic efflux,resistance-nodulation-cell division (RND) antibiotic efflux pump,protein homolog model,Loose,78.55,99.28
mcr1,mcr1_riskaware_top4,GCF_000775955.1,NZ_CP009461.1:2575836-2576849:-,mcr1|mcr1_riskaware_top4|GCF_000775955.1|NZ_CP009461.1:2575836-2576849:-|gene=nan|product=methionine_ABC_transporter_ATP-binding_protein|record=254_1 # 1 # 1014 # 1 # ID=254_1;partial=10;start_type=Edge;rbs_motif=None;rbs_spacer=None;gc_cont=0.548,macB,3000535,macrolide antibiotic,antibiotic efflux,ATP-binding cassette (ABC) antibiotic efflux pump,protein homolog model,Loose,30.84,52.33
mcr1,mcr1_riskaware_top4,GCF_000775955.1,NZ_CP009461.1:3529403-3530200:+,mcr1|mcr1_riskaware_top4|GCF_000775955.1|NZ_CP009461.1:3529403-3530200:+|gene=nan|product=ABC_transporter_ATP-binding_protein|record=256_1 # 1 # 798 # 1 # ID=256_1;partial=10;start_type=Edge;rbs_motif=None;rbs_spacer=None;gc_cont=0.653,bcrA,3002987,peptide antibiotic,antibiotic efflux,ATP-binding cassette (ABC) antibiotic efflux pump,protein homolog model,Loose,28.5,86.6
mcr1,mcr1_riskaware_top4,GCF_000775955.1,NZ_CP009461.1:4786292-4786990:+,mcr1|mcr1_riskaware_top4|GCF_000775955.1|NZ_CP009461.1:4786292-4786990:+|gene=cpxR|product=envelope_stress_response_regulator_transcription_factor_CpxR|record=257_1 # 1 # 699 # 1 # ID=257_1;partial=10;start_type=Edge;rbs_motif=None;rbs_spacer=None;gc_cont=0.565,Pseudomonas aeruginosa CpxR,3004054,macrolide antibiotic; fluoroquinolone antibiotic; monobactam; aminoglycoside antibiotic; carbapenem; cephalosporin; penicillin beta-lactam; tetracycline antibiotic; peptide antibiotic; aminocoumarin antibiotic; diaminopyrimidine antibiotic; sulfonamide antibiotic; phenicol antibiotic,antibiotic efflux,resistance-nodulation-cell division (RND) antibiotic efflux pump,protein homolog model,Loose,48.68,103.11
mcr1,mcr1_riskaware_top4,GCF_000807395.2,NZ_CP010361.1:1127824-1129896:-,mcr1|mcr1_riskaware_top4|GCF_000807395.2|NZ_CP010361.1:1127824-1129896:-|gene=flhA|product=formate_hydrogenlyase_transcriptional_activator_FlhA|record=281_1 # 1 # 2073 # 1 # ID=281_1;partial=10;start_type=Edge;rbs_motif=None;rbs_spacer=None;gc_cont=0.608,TxR,3005008,tetracycline antibiotic,antibiotic efflux,ATP-binding cassette (ABC) antibiotic efflux pump,protein homolog model,Loose,38.82,216.98
mcr1,mcr1_riskaware_top4,GCF_000807395.2,NZ_CP010361.1:1697522-1698760:-,mcr1|mcr1_riskaware_top4|GCF_000807395.2|NZ_CP010361.1:1697522-1698760:-|gene=nan|product=MdtA/MuxA_family_multidrug_efflux_RND_transporter_periplasmic_adaptor_subunit|record=284_1 # 1 # 1239 # 1 # ID=284_1;partial=10;start_type=Edge;rbs_motif=None;rbs_spacer=None;gc_cont=0.653,mdtA,3000792,aminocoumarin antibiotic,antibiotic efflux,resistance-nodulation-cell division (RND) antibiotic efflux pump,protein homolog model,Loose,78.55,99.28
mcr1,mcr1_riskaware_top4,GCF_000807395.2,NZ_CP010361.1:3919098-3919895:+,mcr1|mcr1_riskaware_top4|GCF_000807395.2|NZ_CP010361.1:3919098-3919895:+|gene=nan|product=ABC_transporter_ATP-binding_protein|record=288_1 # 1 # 798 # 1 # ID=288_1;partial=10;start_type=Edge;rbs_motif=None;rbs_spacer=None;gc_cont=0.653,bcrA,3002987,peptide antibiotic,antibiotic efflux,ATP-binding cassette (ABC) antibiotic efflux pump,protein homolog model,Loose,28.5,86.6
mcr1,mcr1_riskaware_top4,GCF_000807395.2,NZ_CP010361.1:4927937-4929457:+,mcr1|mcr1_riskaware_top4|GCF_000807395.2|NZ_CP010361.1:4927937-4929457:+|gene=nan|product=sugar_ABC_transporter_ATP-binding_protein|record=290_1 # 1 # 1521 # 1 # ID=290_1;partial=10;start_type=Edge;rbs_motif=None;rbs_spacer=None;gc_cont=0.636,macB,3000535,macrolide antibiotic,antibiotic efflux,ATP-binding cassette (ABC) antibiotic efflux pump,protein homolog model,Loose,32.38,78.57
mcr1,mcr1_riskaware_top4,GCF_000807395.2,NZ_CP010361.1:5231033-5231731:+,mcr1|mcr1_riskaware_top4|GCF_000807395.2|NZ_CP010361.1:5231033-5231731:+|gene=cpxR|product=envelope_stress_response_regulator_transcription_factor_CpxR|record=291_1 # 1 # 699 # 1 # ID=291_1;partial=10;start_type=Edge;rbs_motif=None;rbs_spacer=None;gc_cont=0.567,Pseudomonas aeruginosa CpxR,3004054,macrolide antibiotic; fluoroquinolone antibiotic; monobactam; aminoglycoside antibiotic; carbapenem; cephalosporin; penicillin beta-lactam; tetracycline antibiotic; peptide antibiotic; aminocoumarin antibiotic; diaminopyrimidine antibiotic; sulfonamide antibiotic; phenicol antibiotic,antibiotic efflux,resistance-nodulation-cell division (RND) antibiotic efflux pump,protein homolog model,Loose,48.68,103.11
mcr1,mcr1_riskaware_top4,GCF_000814305.1,NZ_CP010392.1:1127789-1129861:-,mcr1|mcr1_riskaware_top4|GCF_000814305.1|NZ_CP010392.1:1127789-1129861:-|gene=flhA|product=formate_hydrogenlyase_transcriptional_activator_FlhA|record=301_1 # 1 # 2073 # 1 # ID=301_1;partial=10;start_type=Edge;rbs_motif=None;rbs_spacer=None;gc_cont=0.608,TxR,3005008,tetracycline antibiotic,antibiotic efflux,ATP-binding cassette (ABC) antibiotic efflux pump,protein homolog model,Loose,39.14,216.98
mcr1,mcr1_riskaware_top4,GCF_000814305.1,NZ_CP010392.1:1696307-1697545:-,mcr1|mcr1_riskaware_top4|GCF_000814305.1|NZ_CP010392.1:1696307-1697545:-|gene=nan|product=MdtA/MuxA_family_multidrug_efflux_RND_transporter_periplasmic_adaptor_subunit|record=304_1 # 1 # 1239 # 1 # ID=304_1;partial=10;start_type=Edge;rbs_motif=None;rbs_spacer=None;gc_cont=0.654,mdtA,3000792,aminocoumarin antibiotic,antibiotic efflux,resistance-nodulation-cell division (RND) antibiotic efflux pump,protein homolog model,Loose,78.55,99.28
mcr1,mcr1_riskaware_top4,GCF_000814305.1,NZ_CP010392.1:2881778-2882791:-,mcr1|mcr1_riskaware_top4|GCF_000814305.1|NZ_CP010392.1:2881778-2882791:-|gene=nan|product=methionine_ABC_transporter_ATP-binding_protein|record=307_1 # 1 # 1014 # 1 # ID=307_1;partial=10;start_type=Edge;rbs_motif=None;rbs_spacer=None;gc_cont=0.548,macB,3000535,macrolide antibiotic,antibiotic efflux,ATP-binding cassette (ABC) antibiotic efflux pump,protein homolog model,Loose,30.84,52.33
mcr1,mcr1_riskaware_top4,GCF_000814305.1,NZ_CP010392.1:3897959-3898756:+,mcr1|mcr1_riskaware_top4|GCF_000814305.1|NZ_CP010392.1:3897959-3898756:+|gene=nan|product=ABC_transporter_ATP-binding_protein|record=309_1 # 1 # 798 # 1 # ID=309_1;partial=10;start_type=Edge;rbs_motif=None;rbs_spacer=None;gc_cont=0.653,bcrA,3002987,peptide antibiotic,antibiotic efflux,ATP-binding cassette (ABC) antibiotic efflux pump,protein homolog model,Loose,28.5,86.6
mcr1,mcr1_riskaware_top4,GCF_000814305.1,NZ_CP010392.1:4906751-4908271:+,mcr1|mcr1_riskaware_top4|GCF_000814305.1|NZ_CP010392.1:4906751-4908271:+|gene=nan|product=sugar_ABC_transporter_ATP-binding_protein|record=311_1 # 1 # 1521 # 1 # ID=311_1;partial=10;start_type=Edge;rbs_motif=None;rbs_spacer=None;gc_cont=0.636,macB,3000535,macrolide antibiotic,antibiotic efflux,ATP-binding cassette (ABC) antibiotic efflux pump,protein homolog model,Loose,32.38,78.57
mcr1,mcr1_riskaware_top4,GCF_000814305.1,NZ_CP010392.1:5200177-5200875:+,mcr1|mcr1_riskaware_top4|GCF_000814305.1|NZ_CP010392.1:5200177-5200875:+|gene=cpxR|product=envelope_stress_response_regulator_transcription_factor_CpxR|record=312_1 # 1 # 699 # 1 # ID=312_1;partial=10;start_type=Edge;rbs_motif=None;rbs_spacer=None;gc_cont=0.567,Pseudomonas aeruginosa CpxR,3004054,macrolide antibiotic; fluoroquinolone antibiotic; monobactam; aminoglycoside antibiotic; carbapenem; cephalosporin; penicillin beta-lactam; tetracycline antibiotic; peptide antibiotic; aminocoumarin antibiotic; diaminopyrimidine antibiotic; sulfonamide antibiotic; phenicol antibiotic,antibiotic efflux,resistance-nodulation-cell division (RND) antibiotic efflux pump,protein homolog model,Loose,48.68,103.11
mcr1,mcr1_riskaware_top4,GCF_000968155.1,NZ_FO834906.1:1096875-1098947:-,mcr1|mcr1_riskaware_top4|GCF_000968155.1|NZ_FO834906.1:1096875-1098947:-|gene=flhA|product=formate_hydrogenlyase_transcriptional_activator_FlhA|record=313_1 # 1 # 2073 # 1 # ID=313_1;partial=10;start_type=Edge;rbs_motif=None;rbs_spacer=None;gc_cont=0.612,TxR,3005008,tetracycline antibiotic,antibiotic efflux,ATP-binding cassette (ABC) antibiotic efflux pump,protein homolog model,Loose,39.14,216.98
mcr1,mcr1_riskaware_top4,GCF_000968155.1,NZ_FO834906.1:1608604-1609401:-,mcr1|mcr1_riskaware_top4|GCF_000968155.1|NZ_FO834906.1:1608604-1609401:-|gene=nan|product=ABC_transporter_ATP-binding_protein|record=316_1 # 1 # 798 # 1 # ID=316_1;partial=10;start_type=Edge;rbs_motif=None;rbs_spacer=None;gc_cont=0.652,bcrA,3002987,peptide antibiotic,antibiotic efflux,ATP-binding cassette (ABC) antibiotic efflux pump,protein homolog model,Loose,28.5,86.6
mcr1,mcr1_riskaware_top4,GCF_000968155.1,NZ_FO834906.1:2602278-2603291:+,mcr1|mcr1_riskaware_top4|GCF_000968155.1|NZ_FO834906.1:2602278-2603291:+|gene=nan|product=methionine_ABC_transporter_ATP-binding_protein|record=318_1 # 1 # 1014 # 1 # ID=318_1;partial=10;start_type=Edge;rbs_motif=None;rbs_spacer=None;gc_cont=0.549,macB,3000535,macrolide antibiotic,antibiotic efflux,ATP-binding cassette (ABC) antibiotic efflux pump,protein homolog model,Loose,30.84,52.33
mcr1,mcr1_riskaware_top4,GCF_000968155.1,NZ_FO834906.1:3931355-3932593:+,mcr1|mcr1_riskaware_top4|GCF_000968155.1|NZ_FO834906.1:3931355-3932593:+|gene=nan|product=MdtA/MuxA_family_multidrug_efflux_RND_transporter_periplasmic_adaptor_subunit|record=320_1 # 1 # 1239 # 1 # ID=320_1;partial=10;start_type=Edge;rbs_motif=None;rbs_spacer=None;gc_cont=0.655,mdtA,3000792,aminocoumarin antibiotic,antibiotic efflux,resistance-nodulation-cell division (RND) antibiotic efflux pump,protein homolog model,Loose,78.07,99.28
mcr1,mcr1_riskaware_top4,GCF_000968155.1,NZ_FO834906.1:4939828-4940526:+,mcr1|mcr1_riskaware_top4|GCF_000968155.1|NZ_FO834906.1:4939828-4940526:+|gene=cpxR|product=envelope_stress_response_regulator_transcription_factor_CpxR|record=322_1 # 1 # 699 # 1 # ID=322_1;partial=10;start_type=Edge;rbs_motif=None;rbs_spacer=None;gc_cont=0.565,Pseudomonas aeruginosa CpxR,3004054,macrolide antibiotic; fluoroquinolone antibiotic; monobactam; aminoglycoside antibiotic; carbapenem; cephalosporin; penicillin beta-lactam; tetracycline antibiotic; peptide antibiotic; aminocoumarin antibiotic; diaminopyrimidine antibiotic; sulfonamide antibiotic; phenicol antibiotic,antibiotic efflux,resistance-nodulation-cell division (RND) antibiotic efflux pump,protein homolog model,Loose,48.68,103.11
mcr1,mcr1_riskaware_top4,GCF_000968155.1,NZ_FO834906.1:5259873-5261393:+,mcr1|mcr1_riskaware_top4|GCF_000968155.1|NZ_FO834906.1:5259873-5261393:+|gene=nan|product=sugar_ABC_transporter_ATP-binding_protein|record=323_1 # 1 # 1521 # 1 # ID=323_1;partial=10;start_type=Edge;rbs_motif=None;rbs_spacer=None;gc_cont=0.635,macB,3000535,macrolide antibiotic,antibiotic efflux,ATP-binding cassette (ABC) antibiotic efflux pump,protein homolog model,Loose,32.38,78.57
mcr1,mcr1_riskaware_top4,GCF_001022035.1,NZ_CP011578.1:533643-534656:+,mcr1|mcr1_riskaware_top4|GCF_001022035.1|NZ_CP011578.1:533643-534656:+|gene=nan|product=methionine_ABC_transporter_ATP-binding_protein|record=324_1 # 1 # 1014 # 1 # ID=324_1;partial=10;start_type=Edge;rbs_motif=None;rbs_spacer=None;gc_cont=0.548,macB,3000535,macrolide antibiotic,antibiotic efflux,ATP-binding cassette (ABC) antibiotic efflux pump,protein homolog model,Loose,30.84,52.33
mcr1,mcr1_riskaware_top4,GCF_001022035.1,NZ_CP011578.1:1712845-1714083:+,mcr1|mcr1_riskaware_top4|GCF_001022035.1|NZ_CP011578.1:1712845-1714083:+|gene=nan|product=MdtA/MuxA_family_multidrug_efflux_RND_transporter_periplasmic_adaptor_subunit|record=327_1 # 1 # 1239 # 1 # ID=327_1;partial=10;start_type=Edge;rbs_motif=None;rbs_spacer=None;gc_cont=0.655,mdtA,3000792,aminocoumarin antibiotic,antibiotic efflux,resistance-nodulation-cell division (RND) antibiotic efflux pump,protein homolog model,Loose,78.31,99.28
mcr1,mcr1_riskaware_top4,GCF_001022035.1,NZ_CP011578.1:2318032-2320099:+,mcr1|mcr1_riskaware_top4|GCF_001022035.1|NZ_CP011578.1:2318032-2320099:+|gene=flhA|product=formate_hydrogenlyase_transcriptional_activator_FlhA|record=330_1 # 293 # 2068 # 1 # ID=330_1;partial=00;start_type=ATG;rbs_motif=None;rbs_spacer=None;gc_cont=0.605,TxR,3005008,tetracycline antibiotic,antibiotic efflux,ATP-binding cassette (ABC) antibiotic efflux pump,protein homolog model,Loose,39.14,185.85
mcr1,mcr1_riskaware_top4,GCF_001022035.1,NZ_CP011578.1:3560560-3561258:-,mcr1|mcr1_riskaware_top4|GCF_001022035.1|NZ_CP011578.1:3560560-3561258:-|gene=cpxR|product=envelope_stress_response_regulator_transcription_factor_CpxR|record=331_1 # 1 # 699 # 1 # ID=331_1;partial=10;start_type=Edge;rbs_motif=None;rbs_spacer=None;gc_cont=0.567,Pseudomonas aeruginosa CpxR,3004054,macrolide antibiotic; fluoroquinolone antibiotic; monobactam; aminoglycoside antibiotic; carbapenem; cephalosporin; penicillin beta-lactam; tetracycline antibiotic; peptide antibiotic; aminocoumarin antibiotic; diaminopyrimidine antibiotic; sulfonamide antibiotic; phenicol antibiotic,antibiotic efflux,resistance-nodulation-cell division (RND) antibiotic efflux pump,protein homolog model,Loose,48.68,103.11
mcr1,mcr1_riskaware_top4,GCF_001022035.1,NZ_CP011578.1:3854294-3855814:-,mcr1|mcr1_riskaware_top4|GCF_001022035.1|NZ_CP011578.1:3854294-3855814:-|gene=nan|product=sugar_ABC_transporter_ATP-binding_protein|record=332_1 # 1 # 1521 # 1 # ID=332_1;partial=10;start_type=Edge;rbs_motif=None;rbs_spacer=None;gc_cont=0.636,macB,3000535,macrolide antibiotic,antibiotic efflux,ATP-binding cassette (ABC) antibiotic efflux pump,protein homolog model,Loose,32.38,78.57
mcr1,mcr1_riskaware_top4,GCF_001022035.1,NZ_CP011578.1:4861420-4862217:-,mcr1|mcr1_riskaware_top4|GCF_001022035.1|NZ_CP011578.1:4861420-4862217:-|gene=nan|product=ABC_transporter_ATP-binding_protein|record=334_1 # 1 # 798 # 1 # ID=334_1;partial=10;start_type=Edge;rbs_motif=None;rbs_spacer=None;gc_cont=0.653,bcrA,3002987,peptide antibiotic,antibiotic efflux,ATP-binding cassette (ABC) antibiotic efflux pump,protein homolog model,Loose,28.5,86.6
mcr1,mcr1_riskaware_top4,GCF_001022175.1,NZ_CP011624.1:806110-806907:+,mcr1|mcr1_riskaware_top4|GCF_001022175.1|NZ_CP011624.1:806110-806907:+|gene=nan|product=ABC_transporter_ATP-binding_protein|record=337_1 # 1 # 798 # 1 # ID=337_1;partial=10;start_type=Edge;rbs_motif=None;rbs_spacer=None;gc_cont=0.654,bcrA,3002987,peptide antibiotic,antibiotic efflux,ATP-binding cassette (ABC) antibiotic efflux pump,protein homolog model,Loose,28.5,86.6
mcr1,mcr1_riskaware_top4,GCF_001022175.1,NZ_CP011624.1:1805266-1806786:+,mcr1|mcr1_riskaware_top4|GCF_001022175.1|NZ_CP011624.1:1805266-1806786:+|gene=nan|product=sugar_ABC_transporter_ATP-binding_protein|record=340_1 # 1 # 1521 # 1 # ID=340_1;partial=10;start_type=Edge;rbs_motif=None;rbs_spacer=None;gc_cont=0.635,macB,3000535,macrolide antibiotic,antibiotic efflux,ATP-binding cassette (ABC) antibiotic efflux pump,protein homolog model,Loose,32.38,78.57
mcr1,mcr1_riskaware_top4,GCF_001022175.1,NZ_CP011624.1:2101203-2101901:+,mcr1|mcr1_riskaware_top4|GCF_001022175.1|NZ_CP011624.1:2101203-2101901:+|gene=cpxR|product=envelope_stress_response_regulator_transcription_factor_CpxR|record=341_1 # 1 # 699 # 1 # ID=341_1;partial=10;start_type=Edge;rbs_motif=None;rbs_spacer=None;gc_cont=0.567,Pseudomonas aeruginosa CpxR,3004054,macrolide antibiotic; fluoroquinolone antibiotic; monobactam; aminoglycoside antibiotic; carbapenem; cephalosporin; penicillin beta-lactam; tetracycline antibiotic; peptide antibiotic; aminocoumarin antibiotic; diaminopyrimidine antibiotic; sulfonamide antibiotic; phenicol antibiotic,antibiotic efflux,resistance-nodulation-cell division (RND) antibiotic efflux pump,protein homolog model,Loose,48.68,103.11
mcr1,mcr1_riskaware_top4,GCF_001022175.1,NZ_CP011624.1:3346047-3348119:-,mcr1|mcr1_riskaware_top4|GCF_001022175.1|NZ_CP011624.1:3346047-3348119:-|gene=flhA|product=formate_hydrogenlyase_transcriptional_activator_FlhA|record=342_1 # 1 # 2073 # 1 # ID=342_1;partial=10;start_type=Edge;rbs_motif=None;rbs_spacer=None;gc_cont=0.611,TxR,3005008,tetracycline antibiotic,antibiotic efflux,ATP-binding cassette (ABC) antibiotic efflux pump,protein homolog model,Loose,38.82,216.98
mcr1,mcr1_riskaware_top4,GCF_001022175.1,NZ_CP011624.1:3962160-3963398:-,mcr1|mcr1_riskaware_top4|GCF_001022175.1|NZ_CP011624.1:3962160-3963398:-|gene=nan|product=MdtA/MuxA_family_multidrug_efflux_RND_transporter_periplasmic_adaptor_subunit|record=345_1 # 1 # 1239 # 1 # ID=345_1;partial=10;start_type=Edge;rbs_motif=None;rbs_spacer=None;gc_cont=0.653,mdtA,3000792,aminocoumarin antibiotic,antibiotic efflux,resistance-nodulation-cell division (RND) antibiotic efflux pump,protein homolog model,Loose,78.8,99.28
mcr1,mcr1_riskaware_top4,GCF_001022175.1,NZ_CP011624.1:5120379-5121392:-,mcr1|mcr1_riskaware_top4|GCF_001022175.1|NZ_CP011624.1:5120379-5121392:-|gene=nan|product=methionine_ABC_transporter_ATP-binding_protein|record=348_1 # 1 # 1014 # 1 # ID=348_1;partial=10;start_type=Edge;rbs_motif=None;rbs_spacer=None;gc_cont=0.551,macB,3000535,macrolide antibiotic,antibiotic efflux,ATP-binding cassette (ABC) antibiotic efflux pump,protein homolog model,Loose,30.84,52.33
mcr1,mcr1_riskaware_top4,GCF_001022235.1,NZ_CP011647.1:12845-14917:+,mcr1|mcr1_riskaware_top4|GCF_001022235.1|NZ_CP011647.1:12845-14917:+|gene=flhA|product=formate_hydrogenlyase_transcriptional_activator_FlhA|record=349_1 # 1 # 2073 # 1 # ID=349_1;partial=10;start_type=Edge;rbs_motif=None;rbs_spacer=None;gc_cont=0.609,TxR,3005008,tetracycline antibiotic,antibiotic efflux,ATP-binding cassette (ABC) antibiotic efflux pump,protein homolog model,Loose,39.14,216.98
mcr1,mcr1_riskaware_top4,GCF_001022235.1,NZ_CP011647.1:1257952-1258650:-,mcr1|mcr1_riskaware_top4|GCF_001022235.1|NZ_CP011647.1:1257952-1258650:-|gene=cpxR|product=envelope_stress_response_regulator_transcription_factor_CpxR|record=350_1 # 1 # 699 # 1 # ID=350_1;partial=10;start_type=Edge;rbs_motif=None;rbs_spacer=None;gc_cont=0.567,Pseudomonas aeruginosa CpxR,3004054,macrolide antibiotic; fluoroquinolone antibiotic; monobactam; aminoglycoside antibiotic; carbapenem; cephalosporin; penicillin beta-lactam; tetracycline antibiotic; peptide antibiotic; aminocoumarin antibiotic; diaminopyrimidine antibiotic; sulfonamide antibiotic; phenicol antibiotic,antibiotic efflux,resistance-nodulation-cell division (RND) antibiotic efflux pump,protein homolog model,Loose,48.68,103.11
mcr1,mcr1_riskaware_top4,GCF_001022235.1,NZ_CP011647.1:1550492-1552012:-,mcr1|mcr1_riskaware_top4|GCF_001022235.1|NZ_CP011647.1:1550492-1552012:-|gene=nan|product=sugar_ABC_transporter_ATP-binding_protein|record=351_1 # 1 # 1521 # 1 # ID=351_1;partial=10;start_type=Edge;rbs_motif=None;rbs_spacer=None;gc_cont=0.636,macB,3000535,macrolide antibiotic,antibiotic efflux,ATP-binding cassette (ABC) antibiotic efflux pump,protein homolog model,Loose,32.38,78.57
mcr1,mcr1_riskaware_top4,GCF_001022235.1,NZ_CP011647.1:2561067-2561864:-,mcr1|mcr1_riskaware_top4|GCF_001022235.1|NZ_CP011647.1:2561067-2561864:-|gene=nan|product=ABC_transporter_ATP-binding_protein|record=353_1 # 1 # 798 # 1 # ID=353_1;partial=10;start_type=Edge;rbs_motif=None;rbs_spacer=None;gc_cont=0.653,bcrA,3002987,peptide antibiotic,antibiotic efflux,ATP-binding cassette (ABC) antibiotic efflux pump,protein homolog model,Loose,28.5,86.6
mcr1,mcr1_riskaware_top4,GCF_001022235.1,NZ_CP011647.1:3551950-3552963:+,mcr1|mcr1_riskaware_top4|GCF_001022235.1|NZ_CP011647.1:3551950-3552963:+|gene=nan|product=methionine_ABC_transporter_ATP-binding_protein|record=355_1 # 1 # 1014 # 1 # ID=355_1;partial=10;start_type=Edge;rbs_motif=None;rbs_spacer=None;gc_cont=0.548,macB,3000535,macrolide antibiotic,antibiotic efflux,ATP-binding cassette (ABC) antibiotic efflux pump,protein homolog model,Loose,30.84,52.33
mcr1,mcr1_riskaware_top4,GCF_001022235.1,NZ_CP011647.1:4806991-4808229:+,mcr1|mcr1_riskaware_top4|GCF_001022235.1|NZ_CP011647.1:4806991-4808229:+|gene=nan|product=MdtA/MuxA_family_multidrug_efflux_RND_transporter_periplasmic_adaptor_subunit|record=358_1 # 1 # 1239 # 1 # ID=358_1;partial=10;start_type=Edge;rbs_motif=None;rbs_spacer=None;gc_cont=0.653,mdtA,3000792,aminocoumarin antibiotic,antibiotic efflux,resistance-nodulation-cell division (RND) antibiotic efflux pump,protein homolog model,Loose,78.55,99.28
mcr1,mcr1_riskaware_top5,GCF_000364385.3,NZ_CP006659.2:780895-782199:+,mcr1|mcr1_riskaware_top5|GCF_000364385.3|NZ_CP006659.2:780895-782199:+|gene=nan|product=MFS_transporter|record=368_1 # 1 # 1305 # 1 # ID=368_1;partial=10;start_type=Edge;rbs_motif=None;rbs_spacer=None;gc_cont=0.621,Acinetobacter baumannii AbaF,3004573,phosphonic acid antibiotic,antibiotic efflux,major facilitator superfamily (MFS) antibiotic efflux pump,protein homolog model,Loose,29.98,101.17
mcr1,mcr1_riskaware_top5,GCF_000364385.3,NZ_CP006659.2:873870-875636:+,mcr1|mcr1_riskaware_top5|GCF_000364385.3|NZ_CP006659.2:873870-875636:+|gene=nan|product=peptidoglycan_glycosyltransferase_FtsI|record=369_1 # 1 # 1767 # 1 # ID=369_1;partial=10;start_type=Edge;rbs_motif=None;rbs_spacer=None;gc_cont=0.564,Haemophilus influenzae PBP3 conferring resistance to beta-lactam antibiotics,3004446,cephalosporin; penicillin beta-lactam,antibiotic target alteration,Penicillin-binding protein mutations conferring resistance to beta-lactam antibiotics,protein variant model,Strict,52.37,96.39
mcr1,mcr1_riskaware_top5,GCF_000364385.3,NZ_CP006659.2:1671753-1672811:+,mcr1|mcr1_riskaware_top5|GCF_000364385.3|NZ_CP006659.2:1671753-1672811:+|gene=modC|product=molybdenum_ABC_transporter_ATP-binding_protein_ModC|record=378_1 # 1 # 1059 # 1 # ID=378_1;partial=10;start_type=Edge;rbs_motif=None;rbs_spacer=None;gc_cont=0.630,bcrA,3002987,peptide antibiotic,antibiotic efflux,ATP-binding cassette (ABC) antibiotic efflux pump,protein homolog model,Loose,33.67,115.03
mcr1,mcr1_riskaware_top5,GCF_000364385.3,NZ_CP006659.2:3033422-3034588:-,mcr1|mcr1_riskaware_top5|GCF_000364385.3|NZ_CP006659.2:3033422-3034588:-|gene=nan|product=MFS_transporter|record=380_1 # 1 # 1167 # 1 # ID=380_1;partial=10;start_type=Edge;rbs_motif=None;rbs_spacer=None;gc_cont=0.613,cmlv,3002700,phenicol antibiotic,antibiotic inactivation,chloramphenicol phosphotransferase,protein homolog model,Loose,34.99,88.99
mcr1,mcr1_riskaware_top5,GCF_000739495.1,NZ_CP009114.1:1774658-1777780:+,mcr1|mcr1_riskaware_top5|GCF_000739495.1|NZ_CP009114.1:1774658-1777780:+|gene=nan|product=MdtB/MuxB_family_multidrug_efflux_RND_transporter_permease_subunit|record=406_1 # 1 # 3123 # 1 # ID=406_1;partial=10;start_type=Edge;rbs_motif=None;rbs_spacer=None;gc_cont=0.647,mdtB,3000793,aminocoumarin antibiotic,antibiotic efflux,resistance-nodulation-cell division (RND) antibiotic efflux pump,protein homolog model,Loose,90.1,100.0
mcr1,mcr1_riskaware_top5,GCF_000739495.1,NZ_CP009114.1:1213493-1214659:-,mcr1|mcr1_riskaware_top5|GCF_000739495.1|NZ_CP009114.1:1213493-1214659:-|gene=nan|product=MFS_transporter|record=411_1 # 1 # 1167 # 1 # ID=411_1;partial=10;start_type=Edge;rbs_motif=None;rbs_spacer=None;gc_cont=0.613,cmlv,3002700,phenicol antibiotic,antibiotic inactivation,chloramphenicol phosphotransferase,protein homolog model,Loose,34.99,88.99
mcr1,mcr1_riskaware_top5,GCF_000739495.1,NZ_CP009114.1:4299763-4301067:+,mcr1|mcr1_riskaware_top5|GCF_000739495.1|NZ_CP009114.1:4299763-4301067:+|gene=nan|product=MFS_transporter|record=424_1 # 1 # 1305 # 1 # ID=424_1;partial=10;start_type=Edge;rbs_motif=None;rbs_spacer=None;gc_cont=0.621,Acinetobacter baumannii AbaF,3004573,phosphonic acid antibiotic,antibiotic efflux,major facilitator superfamily (MFS) antibiotic efflux pump,protein homolog model,Loose,29.98,101.17
mcr1,mcr1_riskaware_top5,GCF_000739495.1,NZ_CP009114.1:4392738-4394504:+,mcr1|mcr1_riskaware_top5|GCF_000739495.1|NZ_CP009114.1:4392738-4394504:+|gene=nan|product=peptidoglycan_glycosyltransferase_FtsI|record=425_1 # 1 # 1767 # 1 # ID=425_1;partial=10;start_type=Edge;rbs_motif=None;rbs_spacer=None;gc_cont=0.564,Haemophilus influenzae PBP3 conferring resistance to beta-lactam antibiotics,3004446,cephalosporin; penicillin beta-lactam,antibiotic target alteration,Penicillin-binding protein mutations conferring resistance to beta-lactam antibiotics,protein variant model,Strict,52.37,96.39
mcr1,mcr1_riskaware_top5,GCF_000739495.1,NZ_CP009114.1:5151560-5152618:+,mcr1|mcr1_riskaware_top5|GCF_000739495.1|NZ_CP009114.1:5151560-5152618:+|gene=modC|product=molybdenum_ABC_transporter_ATP-binding_protein_ModC|record=434_1 # 1 # 1059 # 1 # ID=434_1;partial=10;start_type=Edge;rbs_motif=None;rbs_spacer=None;gc_cont=0.630,bcrA,3002987,peptide antibiotic,antibiotic efflux,ATP-binding cassette (ABC) antibiotic efflux pump,protein homolog model,Loose,33.67,115.03
mcr1,mcr1_riskaware_top5,GCF_000764615.1,NZ_CP008929.1:25388-28510:+,mcr1|mcr1_riskaware_top5|GCF_000764615.1|NZ_CP008929.1:25388-28510:+|gene=nan|product=MdtB/MuxB_family_multidrug_efflux_RND_transporter_permease_subunit|record=436_1 # 1 # 3123 # 1 # ID=436_1;partial=10;start_type=Edge;rbs_motif=None;rbs_spacer=None;gc_cont=0.646,mdtB,3000793,aminocoumarin antibiotic,antibiotic efflux,resistance-nodulation-cell division (RND) antibiotic efflux pump,protein homolog model,Loose,90.1,100.0
mcr1,mcr1_riskaware_top5,GCF_000764615.1,NZ_CP008929.1:2507870-2509174:+,mcr1|mcr1_riskaware_top5|GCF_000764615.1|NZ_CP008929.1:2507870-2509174:+|gene=nan|product=MFS_transporter|record=450_1 # 1 # 1305 # 1 # ID=450_1;partial=10;start_type=Edge;rbs_motif=None;rbs_spacer=None;gc_cont=0.621,Acinetobacter baumannii AbaF,3004573,phosphonic acid antibiotic,antibiotic efflux,major facilitator superfamily (MFS) antibiotic efflux pump,protein homolog model,Loose,30.47,101.17
mcr1,mcr1_riskaware_top5,GCF_000764615.1,NZ_CP008929.1:2588637-2590403:+,mcr1|mcr1_riskaware_top5|GCF_000764615.1|NZ_CP008929.1:2588637-2590403:+|gene=nan|product=peptidoglycan_glycosyltransferase_FtsI|record=451_1 # 1 # 1767 # 1 # ID=451_1;partial=10;start_type=Edge;rbs_motif=None;rbs_spacer=None;gc_cont=0.564,Haemophilus influenzae PBP3 conferring resistance to beta-lactam antibiotics,3004446,cephalosporin; penicillin beta-lactam,antibiotic target alteration,Penicillin-binding protein mutations conferring resistance to beta-lactam antibiotics,protein variant model,Strict,52.37,96.39
mcr1,mcr1_riskaware_top5,GCF_000764615.1,NZ_CP008929.1:4664663-4665829:-,mcr1|mcr1_riskaware_top5|GCF_000764615.1|NZ_CP008929.1:4664663-4665829:-|gene=nan|product=MFS_transporter|record=459_1 # 1 # 1167 # 1 # ID=459_1;partial=10;start_type=Edge;rbs_motif=None;rbs_spacer=None;gc_cont=0.611,cmlv,3002700,phenicol antibiotic,antibiotic inactivation,chloramphenicol phosphotransferase,protein homolog model,Loose,34.99,88.99
mcr1,mcr1_riskaware_top5,GCF_000775955.1,NZ_CP009461.1:1428407-1431529:-,mcr1|mcr1_riskaware_top5|GCF_000775955.1|NZ_CP009461.1:1428407-1431529:-|gene=nan|product=MdtB/MuxB_family_multidrug_efflux_RND_transporter_permease_subunit|record=465_1 # 1 # 3123 # 1 # ID=465_1;partial=10;start_type=Edge;rbs_motif=None;rbs_spacer=None;gc_cont=0.646,mdtB,3000793,aminocoumarin antibiotic,antibiotic efflux,resistance-nodulation-cell division (RND) antibiotic efflux pump,protein homolog model,Loose,90.1,100.0
mcr1,mcr1_riskaware_top5,GCF_000775955.1,NZ_CP009461.1:1983878-1985044:+,mcr1|mcr1_riskaware_top5|GCF_000775955.1|NZ_CP009461.1:1983878-1985044:+|gene=nan|product=MFS_transporter|record=476_1 # 1 # 1167 # 1 # ID=476_1;partial=10;start_type=Edge;rbs_motif=None;rbs_spacer=None;gc_cont=0.607,cmlv,3002700,phenicol antibiotic,antibiotic inactivation,chloramphenicol phosphotransferase,protein homolog model,Loose,34.73,88.99
mcr1,mcr1_riskaware_top5,GCF_000775955.1,NZ_CP009461.1:4005814-4007580:-,mcr1|mcr1_riskaware_top5|GCF_000775955.1|NZ_CP009461.1:4005814-4007580:-|gene=nan|product=peptidoglycan_glycosyltransferase_FtsI|record=486_1 # 1 # 1767 # 1 # ID=486_1;partial=10;start_type=Edge;rbs_motif=None;rbs_spacer=None;gc_cont=0.566,Haemophilus influenzae PBP3 conferring resistance to beta-lactam antibiotics,3004446,cephalosporin; penicillin beta-lactam,antibiotic target alteration,Penicillin-binding protein mutations conferring resistance to beta-lactam antibiotics,protein variant model,Strict,52.37,96.39
mcr1,mcr1_riskaware_top5,GCF_000775955.1,NZ_CP009461.1:4099309-4100613:-,mcr1|mcr1_riskaware_top5|GCF_000775955.1|NZ_CP009461.1:4099309-4100613:-|gene=nan|product=MFS_transporter|record=487_1 # 1 # 1305 # 1 # ID=487_1;partial=10;start_type=Edge;rbs_motif=None;rbs_spacer=None;gc_cont=0.621,Acinetobacter baumannii AbaF,3004573,phosphonic acid antibiotic,antibiotic efflux,major facilitator superfamily (MFS) antibiotic efflux pump,protein homolog model,Loose,29.98,101.17
mcr1,mcr1_riskaware_top5,GCF_000807395.2,NZ_CP010361.1:1694400-1697522:-,mcr1|mcr1_riskaware_top5|GCF_000807395.2|NZ_CP010361.1:1694400-1697522:-|gene=nan|product=MdtB/MuxB_family_multidrug_efflux_RND_transporter_permease_subunit|record=514_1 # 1 # 3123 # 1 # ID=514_1;partial=10;start_type=Edge;rbs_motif=None;rbs_spacer=None;gc_cont=0.649,mdtB,3000793,aminocoumarin antibiotic,antibiotic efflux,resistance-nodulation-cell division (RND) antibiotic efflux pump,protein homolog model,Loose,89.9,100.0
mcr1,mcr1_riskaware_top5,GCF_000807395.2,NZ_CP010361.1:2291157-2292323:+,mcr1|mcr1_riskaware_top5|GCF_000807395.2|NZ_CP010361.1:2291157-2292323:+|gene=nan|product=MFS_transporter|record=517_1 # 1 # 1167 # 1 # ID=517_1;partial=10;start_type=Edge;rbs_motif=None;rbs_spacer=None;gc_cont=0.612,cmlv,3002700,phenicol antibiotic,antibiotic inactivation,chloramphenicol phosphotransferase,protein homolog model,Loose,34.99,88.99
mcr1,mcr1_riskaware_top5,GCF_000807395.2,NZ_CP010361.1:3636784-3637842:-,mcr1|mcr1_riskaware_top5|GCF_000807395.2|NZ_CP010361.1:3636784-3637842:-|gene=modC|product=molybdenum_ABC_transporter_ATP-binding_protein_ModC|record=518_1 # 1 # 1059 # 1 # ID=518_1;partial=10;start_type=Edge;rbs_motif=None;rbs_spacer=None;gc_cont=0.630,bcrA,3002987,peptide antibiotic,antibiotic efflux,ATP-binding cassette (ABC) antibiotic efflux pump,protein homolog model,Loose,33.67,115.03
mcr1,mcr1_riskaware_top5,GCF_000807395.2,NZ_CP010361.1:4443318-4445084:-,mcr1|mcr1_riskaware_top5|GCF_000807395.2|NZ_CP010361.1:4443318-4445084:-|gene=nan|product=peptidoglycan_glycosyltransferase_FtsI|record=527_1 # 1 # 1767 # 1 # ID=527_1;partial=10;start_type=Edge;rbs_motif=None;rbs_spacer=None;gc_cont=0.564,Haemophilus influenzae PBP3 conferring resistance to beta-lactam antibiotics,3004446,cephalosporin; penicillin beta-lactam,antibiotic target alteration,Penicillin-binding protein mutations conferring resistance to beta-lactam antibiotics,protein variant model,Strict,52.37,96.39
mcr1,mcr1_riskaware_top5,GCF_000807395.2,NZ_CP010361.1:4536755-4538059:-,mcr1|mcr1_riskaware_top5|GCF_000807395.2|NZ_CP010361.1:4536755-4538059:-|gene=nan|product=MFS_transporter|record=528_1 # 1 # 1305 # 1 # ID=528_1;partial=10;start_type=Edge;rbs_motif=None;rbs_spacer=None;gc_cont=0.621,Acinetobacter baumannii AbaF,3004573,phosphonic acid antibiotic,antibiotic efflux,major facilitator superfamily (MFS) antibiotic efflux pump,protein homolog model,Loose,29.98,101.17
mcr1,mcr1_riskaware_top5,GCF_000814305.1,NZ_CP010392.1:1693185-1696307:-,mcr1|mcr1_riskaware_top5|GCF_000814305.1|NZ_CP010392.1:1693185-1696307:-|gene=nan|product=MdtB/MuxB_family_multidrug_efflux_RND_transporter_permease_subunit|record=540_1 # 1 # 3123 # 1 # ID=540_1;partial=10;start_type=Edge;rbs_motif=None;rbs_spacer=None;gc_cont=0.646,mdtB,3000793,aminocoumarin antibiotic,antibiotic efflux,resistance-nodulation-cell division (RND) antibiotic efflux pump,protein homolog model,Loose,89.9,100.0
mcr1,mcr1_riskaware_top5,GCF_000814305.1,NZ_CP010392.1:2283667-2284833:+,mcr1|mcr1_riskaware_top5|GCF_000814305.1|NZ_CP010392.1:2283667-2284833:+|gene=nan|product=MFS_transporter|record=552_1 # 1 # 1167 # 1 # ID=552_1;partial=10;start_type=Edge;rbs_motif=None;rbs_spacer=None;gc_cont=0.612,cmlv,3002700,phenicol antibiotic,antibiotic inactivation,chloramphenicol phosphotransferase,protein homolog model,Loose,34.99,88.99
mcr1,mcr1_riskaware_top5,GCF_000814305.1,NZ_CP010392.1:3614450-3615508:-,mcr1|mcr1_riskaware_top5|GCF_000814305.1|NZ_CP010392.1:3614450-3615508:-|gene=modC|product=molybdenum_ABC_transporter_ATP-binding_protein_ModC|record=553_1 # 1 # 1059 # 1 # ID=553_1;partial=10;start_type=Edge;rbs_motif=None;rbs_spacer=None;gc_cont=0.630,bcrA,3002987,peptide antibiotic,antibiotic efflux,ATP-binding cassette (ABC) antibiotic efflux pump,protein homolog model,Loose,33.67,115.03
mcr1,mcr1_riskaware_top5,GCF_000814305.1,NZ_CP010392.1:4422248-4424014:-,mcr1|mcr1_riskaware_top5|GCF_000814305.1|NZ_CP010392.1:4422248-4424014:-|gene=nan|product=peptidoglycan_glycosyltransferase_FtsI|record=562_1 # 1 # 1767 # 1 # ID=562_1;partial=10;start_type=Edge;rbs_motif=None;rbs_spacer=None;gc_cont=0.564,Haemophilus influenzae PBP3 conferring resistance to beta-lactam antibiotics,3004446,cephalosporin; penicillin beta-lactam,antibiotic target alteration,Penicillin-binding protein mutations conferring resistance to beta-lactam antibiotics,protein variant model,Strict,52.37,96.39
mcr1,mcr1_riskaware_top5,GCF_000814305.1,NZ_CP010392.1:4515685-4516989:-,mcr1|mcr1_riskaware_top5|GCF_000814305.1|NZ_CP010392.1:4515685-4516989:-|gene=nan|product=MFS_transporter|record=563_1 # 1 # 1305 # 1 # ID=563_1;partial=10;start_type=Edge;rbs_motif=None;rbs_spacer=None;gc_cont=0.621,Acinetobacter baumannii AbaF,3004573,phosphonic acid antibiotic,antibiotic efflux,major facilitator superfamily (MFS) antibiotic efflux pump,protein homolog model,Loose,29.98,101.17
mcr1,mcr1_riskaware_top5,GCF_000968155.1,NZ_FO834906.1:1887746-1888804:+,mcr1|mcr1_riskaware_top5|GCF_000968155.1|NZ_FO834906.1:1887746-1888804:+|gene=modC|product=molybdenum_ABC_transporter_ATP-binding_protein_ModC|record=580_1 # 1 # 1059 # 1 # ID=580_1;partial=10;start_type=Edge;rbs_motif=None;rbs_spacer=None;gc_cont=0.631,bcrA,3002987,peptide antibiotic,antibiotic efflux,ATP-binding cassette (ABC) antibiotic efflux pump,protein homolog model,Loose,33.67,115.03
mcr1,mcr1_riskaware_top5,GCF_000968155.1,NZ_FO834906.1:3204076-3205242:-,mcr1|mcr1_riskaware_top5|GCF_000968155.1|NZ_FO834906.1:3204076-3205242:-|gene=nan|product=MFS_transporter|record=582_1 # 1 # 1167 # 1 # ID=582_1;partial=10;start_type=Edge;rbs_motif=None;rbs_spacer=None;gc_cont=0.612,cmlv,3002700,phenicol antibiotic,antibiotic inactivation,chloramphenicol phosphotransferase,protein homolog model,Loose,34.99,88.99
mcr1,mcr1_riskaware_top5,GCF_000968155.1,NZ_FO834906.1:3932593-3935715:+,mcr1|mcr1_riskaware_top5|GCF_000968155.1|NZ_FO834906.1:3932593-3935715:+|gene=nan|product=MdtB/MuxB_family_multidrug_efflux_RND_transporter_permease_subunit|record=585_1 # 1 # 3123 # 1 # ID=585_1;partial=10;start_type=Edge;rbs_motif=None;rbs_spacer=None;gc_cont=0.647,mdtB,3000793,aminocoumarin antibiotic,antibiotic efflux,resistance-nodulation-cell division (RND) antibiotic efflux pump,protein homolog model,Loose,89.9,100.0
mcr1,mcr1_riskaware_top5,GCF_000968155.1,NZ_FO834906.1:4514345-4516111:-,mcr1|mcr1_riskaware_top5|GCF_000968155.1|NZ_FO834906.1:4514345-4516111:-|gene=nan|product=peptidoglycan_glycosyltransferase_FtsI|record=591_1 # 1 # 1767 # 1 # ID=591_1;partial=10;start_type=Edge;rbs_motif=None;rbs_spacer=None;gc_cont=0.563,Haemophilus influenzae PBP3 conferring resistance to beta-lactam antibiotics,3004446,cephalosporin; penicillin beta-lactam,antibiotic target alteration,Penicillin-binding protein mutations conferring resistance to beta-lactam antibiotics,protein variant model,Strict,52.2,96.39
mcr1,mcr1_riskaware_top5,GCF_000968155.1,NZ_FO834906.1:4607660-4608964:-,mcr1|mcr1_riskaware_top5|GCF_000968155.1|NZ_FO834906.1:4607660-4608964:-|gene=nan|product=MFS_transporter|record=592_1 # 1 # 1305 # 1 # ID=592_1;partial=10;start_type=Edge;rbs_motif=None;rbs_spacer=None;gc_cont=0.618,Acinetobacter baumannii AbaF,3004573,phosphonic acid antibiotic,antibiotic efflux,major facilitator superfamily (MFS) antibiotic efflux pump,protein homolog model,Loose,30.22,101.17
mcr1,mcr1_riskaware_top5,GCF_001022035.1,NZ_CP011578.1:1714083-1717205:+,mcr1|mcr1_riskaware_top5|GCF_001022035.1|NZ_CP011578.1:1714083-1717205:+|gene=nan|product=MdtB/MuxB_family_multidrug_efflux_RND_transporter_permease_subunit|record=596_1 # 1 # 3123 # 1 # ID=596_1;partial=10;start_type=Edge;rbs_motif=None;rbs_spacer=None;gc_cont=0.647,mdtB,3000793,aminocoumarin antibiotic,antibiotic efflux,resistance-nodulation-cell division (RND) antibiotic efflux pump,protein homolog model,Loose,90.19,100.0
mcr1,mcr1_riskaware_top5,GCF_001022035.1,NZ_CP011578.1:1138851-1140017:-,mcr1|mcr1_riskaware_top5|GCF_001022035.1|NZ_CP011578.1:1138851-1140017:-|gene=nan|product=MFS_transporter|record=601_1 # 1 # 1167 # 1 # ID=601_1;partial=10;start_type=Edge;rbs_motif=None;rbs_spacer=None;gc_cont=0.613,cmlv,3002700,phenicol antibiotic,antibiotic inactivation,chloramphenicol phosphotransferase,protein homolog model,Loose,34.99,88.99
mcr1,mcr1_riskaware_top5,GCF_001022035.1,NZ_CP011578.1:4241343-4242647:+,mcr1|mcr1_riskaware_top5|GCF_001022035.1|NZ_CP011578.1:4241343-4242647:+|gene=nan|product=MFS_transporter|record=613_1 # 1 # 1305 # 1 # ID=613_1;partial=10;start_type=Edge;rbs_motif=None;rbs_spacer=None;gc_cont=0.621,Acinetobacter baumannii AbaF,3004573,phosphonic acid antibiotic,antibiotic efflux,major facilitator superfamily (MFS) antibiotic efflux pump,protein homolog model,Loose,29.98,101.17
mcr1,mcr1_riskaware_top5,GCF_001022035.1,NZ_CP011578.1:4335624-4337390:+,mcr1|mcr1_riskaware_top5|GCF_001022035.1|NZ_CP011578.1:4335624-4337390:+|gene=nan|product=peptidoglycan_glycosyltransferase_FtsI|record=614_1 # 1 # 1767 # 1 # ID=614_1;partial=10;start_type=Edge;rbs_motif=None;rbs_spacer=None;gc_cont=0.564,Haemophilus influenzae PBP3 conferring resistance to beta-lactam antibiotics,3004446,cephalosporin; penicillin beta-lactam,antibiotic target alteration,Penicillin-binding protein mutations conferring resistance to beta-lactam antibiotics,protein variant model,Strict,52.37,96.39
mcr1,mcr1_riskaware_top5,GCF_001022035.1,NZ_CP011578.1:5153487-5154545:+,mcr1|mcr1_riskaware_top5|GCF_001022035.1|NZ_CP011578.1:5153487-5154545:+|gene=modC|product=molybdenum_ABC_transporter_ATP-binding_protein_ModC|record=623_1 # 1 # 1059 # 1 # ID=623_1;partial=10;start_type=Edge;rbs_motif=None;rbs_spacer=None;gc_cont=0.630,bcrA,3002987,peptide antibiotic,antibiotic efflux,ATP-binding cassette (ABC) antibiotic efflux pump,protein homolog model,Loose,33.67,115.03
mcr1,mcr1_riskaware_top5,GCF_001022175.1,NZ_CP011624.1:3959038-3962160:-,mcr1|mcr1_riskaware_top5|GCF_001022175.1|NZ_CP011624.1:3959038-3962160:-|gene=nan|product=MdtB/MuxB_family_multidrug_efflux_RND_transporter_permease_subunit|record=628_1 # 1 # 3123 # 1 # ID=628_1;partial=10;start_type=Edge;rbs_motif=None;rbs_spacer=None;gc_cont=0.646,mdtB,3000793,aminocoumarin antibiotic,antibiotic efflux,resistance-nodulation-cell division (RND) antibiotic efflux pump,protein homolog model,Loose,90.0,100.0
mcr1,mcr1_riskaware_top5,GCF_001022175.1,NZ_CP011624.1:544187-545245:-,mcr1|mcr1_riskaware_top5|GCF_001022175.1|NZ_CP011624.1:544187-545245:-|gene=modC|product=molybdenum_ABC_transporter_ATP-binding_protein_ModC|record=629_1 # 1 # 1059 # 1 # ID=629_1;partial=10;start_type=Edge;rbs_motif=None;rbs_spacer=None;gc_cont=0.630,bcrA,3002987,peptide antibiotic,antibiotic efflux,ATP-binding cassette (ABC) antibiotic efflux pump,protein homolog model,Loose,33.67,115.03
mcr1,mcr1_riskaware_top5,GCF_001022175.1,NZ_CP011624.1:1339188-1340954:-,mcr1|mcr1_riskaware_top5|GCF_001022175.1|NZ_CP011624.1:1339188-1340954:-|gene=nan|product=peptidoglycan_glycosyltransferase_FtsI|record=638_1 # 1 # 1767 # 1 # ID=638_1;partial=10;start_type=Edge;rbs_motif=None;rbs_spacer=None;gc_cont=0.564,Haemophilus influenzae PBP3 conferring resistance to beta-lactam antibiotics,3004446,cephalosporin; penicillin beta-lactam,antibiotic target alteration,Penicillin-binding protein mutations conferring resistance to beta-lactam antibiotics,protein variant model,Strict,52.37,96.39
mcr1,mcr1_riskaware_top5,GCF_001022175.1,NZ_CP011624.1:1432625-1433929:-,mcr1|mcr1_riskaware_top5|GCF_001022175.1|NZ_CP011624.1:1432625-1433929:-|gene=nan|product=MFS_transporter|record=639_1 # 1 # 1305 # 1 # ID=639_1;partial=10;start_type=Edge;rbs_motif=None;rbs_spacer=None;gc_cont=0.621,Acinetobacter baumannii AbaF,3004573,phosphonic acid antibiotic,antibiotic efflux,major facilitator superfamily (MFS) antibiotic efflux pump,protein homolog model,Loose,29.98,101.17
mcr1,mcr1_riskaware_top5,GCF_001022175.1,NZ_CP011624.1:4551530-4552696:+,mcr1|mcr1_riskaware_top5|GCF_001022175.1|NZ_CP011624.1:4551530-4552696:+|gene=nan|product=MFS_transporter|record=652_1 # 1 # 1167 # 1 # ID=652_1;partial=10;start_type=Edge;rbs_motif=None;rbs_spacer=None;gc_cont=0.608,cmlv,3002700,phenicol antibiotic,antibiotic inactivation,chloramphenicol phosphotransferase,protein homolog model,Loose,34.99,88.99
mcr1,mcr1_riskaware_top5,GCF_001022235.1,NZ_CP011647.1:1941517-1942821:+,mcr1|mcr1_riskaware_top5|GCF_001022235.1|NZ_CP011647.1:1941517-1942821:+|gene=nan|product=MFS_transporter|record=663_1 # 1 # 1305 # 1 # ID=663_1;partial=10;start_type=Edge;rbs_motif=None;rbs_spacer=None;gc_cont=0.621,Acinetobacter baumannii AbaF,3004573,phosphonic acid antibiotic,antibiotic efflux,major facilitator superfamily (MFS) antibiotic efflux pump,protein homolog model,Loose,29.98,101.17
mcr1,mcr1_riskaware_top5,GCF_001022235.1,NZ_CP011647.1:2034492-2036258:+,mcr1|mcr1_riskaware_top5|GCF_001022235.1|NZ_CP011647.1:2034492-2036258:+|gene=nan|product=peptidoglycan_glycosyltransferase_FtsI|record=664_1 # 1 # 1767 # 1 # ID=664_1;partial=10;start_type=Edge;rbs_motif=None;rbs_spacer=None;gc_cont=0.564,Haemophilus influenzae PBP3 conferring resistance to beta-lactam antibiotics,3004446,cephalosporin; penicillin beta-lactam,antibiotic target alteration,Penicillin-binding protein mutations conferring resistance to beta-lactam antibiotics,protein variant model,Strict,52.37,96.39
mcr1,mcr1_riskaware_top5,GCF_001022235.1,NZ_CP011647.1:2844799-2845857:+,mcr1|mcr1_riskaware_top5|GCF_001022235.1|NZ_CP011647.1:2844799-2845857:+|gene=modC|product=molybdenum_ABC_transporter_ATP-binding_protein_ModC|record=673_1 # 1 # 1059 # 1 # ID=673_1;partial=10;start_type=Edge;rbs_motif=None;rbs_spacer=None;gc_cont=0.630,bcrA,3002987,peptide antibiotic,antibiotic efflux,ATP-binding cassette (ABC) antibiotic efflux pump,protein homolog model,Loose,33.67,115.03
mcr1,mcr1_riskaware_top5,GCF_001022235.1,NZ_CP011647.1:4142390-4143556:-,mcr1|mcr1_riskaware_top5|GCF_001022235.1|NZ_CP011647.1:4142390-4143556:-|gene=nan|product=MFS_transporter|record=674_1 # 1 # 1167 # 1 # ID=674_1;partial=10;start_type=Edge;rbs_motif=None;rbs_spacer=None;gc_cont=0.612,cmlv,3002700,phenicol antibiotic,antibiotic inactivation,chloramphenicol phosphotransferase,protein homolog model,Loose,34.99,88.99
mcr1,mcr1_riskaware_top5,GCF_001022235.1,NZ_CP011647.1:4808229-4811351:+,mcr1|mcr1_riskaware_top5|GCF_001022235.1|NZ_CP011647.1:4808229-4811351:+|gene=nan|product=MdtB/MuxB_family_multidrug_efflux_RND_transporter_permease_subunit|record=677_1 # 1 # 3123 # 1 # ID=677_1;partial=10;start_type=Edge;rbs_motif=None;rbs_spacer=None;gc_cont=0.645,mdtB,3000793,aminocoumarin antibiotic,antibiotic efflux,resistance-nodulation-cell division (RND) antibiotic efflux pump,protein homolog model,Loose,90.0,100.0
mecA,mecA_riskaware_top1,GCF_000364385.3,NZ_CP006659.2:656089-658833:-,mecA|mecA_riskaware_top1|GCF_000364385.3|NZ_CP006659.2:656089-658833:-|gene=rbbA|product=ribosome-associated_ATPase/putative_transporter_RbbA|record=683_1 # 1 # 2745 # 1 # ID=683_1;partial=10;start_type=Edge;rbs_motif=None;rbs_spacer=None;gc_cont=0.621,bcrA,3002987,peptide antibiotic,antibiotic efflux,ATP-binding cassette (ABC) antibiotic efflux pump,protein homolog model,Loose,35.37,298.69
mecA,mecA_riskaware_top1,GCF_000364385.3,NZ_CP006659.2:844762-845607:+,mecA|mecA_riskaware_top1|GCF_000364385.3|NZ_CP006659.2:844762-845607:+|gene=araC|product=arabinose_operon_transcriptional_regulator_AraC|record=689_1 # 1 # 846 # 1 # ID=689_1;partial=10;start_type=Edge;rbs_motif=None;rbs_spacer=None;gc_cont=0.610,mtrA,3000816,macrolide antibiotic,antibiotic efflux,resistance-nodulation-cell division (RND) antibiotic efflux pump,protein homolog model,Loose,26.47,93.36
mecA,mecA_riskaware_top1,GCF_000364385.3,NZ_CP006659.2:1431951-1433378:-,mecA|mecA_riskaware_top1|GCF_000364385.3|NZ_CP006659.2:1431951-1433378:-|gene=nan|product=MFS_transporter|record=692_1 # 1 # 1428 # 1 # ID=692_1;partial=10;start_type=Edge;rbs_motif=None;rbs_spacer=None;gc_cont=0.660,facT,3001313,elfamycin antibiotic,antibiotic efflux,major facilitator superfamily (MFS) antibiotic efflux pump,protein homolog model,Loose,33.18,84.97
mecA,mecA_riskaware_top1,GCF_000364385.3,NZ_CP006659.2:4051206-4052642:-,mecA|mecA_riskaware_top1|GCF_000364385.3|NZ_CP006659.2:4051206-4052642:-|gene=nan|product=sugar_porter_family_MFS_transporter|record=703_1 # 1 # 1437 # 1 # ID=703_1;partial=10;start_type=Edge;rbs_motif=None;rbs_spacer=None;gc_cont=0.570,otr(B),3002892,tetracycline antibiotic,antibiotic efflux,major facilitator superfamily (MFS) antibiotic efflux pump,protein homolog model,Loose,27.15,84.9
mecA,mecA_riskaware_top1,GCF_000364385.3,NZ_CP006659.2:4583343-4584737:+,mecA|mecA_riskaware_top1|GCF_000364385.3|NZ_CP006659.2:4583343-4584737:+|gene=nan|product=sugar_porter_family_MFS_transporter|record=707_1 # 1 # 1395 # 1 # ID=707_1;partial=10;start_type=Edge;rbs_motif=None;rbs_spacer=None;gc_cont=0.578,lfrA,3003967,fluoroquinolone antibiotic,antibiotic efflux,major facilitator superfamily (MFS) antibiotic efflux pump,protein homolog model,Loose,40.57,92.06
mecA,mecA_riskaware_top1,GCF_000597845.1,NZ_CP007265.1:3074702-3076345:-,mecA|mecA_riskaware_top1|GCF_000597845.1|NZ_CP007265.1:3074702-3076345:-|gene=yojI|product=microcin_J25_efflux_ABC_transporter_YojI|record=722_1 # 1 # 1644 # 1 # ID=722_1;partial=10;start_type=Edge;rbs_motif=None;rbs_spacer=None;gc_cont=0.530,YojI,3003952,peptide antibiotic,antibiotic efflux,ATP-binding cassette (ABC) antibiotic efflux pump,protein homolog model,Strict,99.63,100.0
mecA,mecA_riskaware_top1,GCF_000597845.1,NZ_CP007265.1:3870929-3872098:+,mecA|mecA_riskaware_top1|GCF_000597845.1|NZ_CP007265.1:3870929-3872098:+|gene=ydhP|product=MFS_transporter|record=723_1 # 1 # 1170 # 1 # ID=723_1;partial=10;start_type=Edge;rbs_motif=None;rbs_spacer=None;gc_cont=0.536,cmlv,3002700,phenicol antibiotic,antibiotic inactivation,chloramphenicol phosphotransferase,protein homolog model,Loose,35.4,89.22
mecA,mecA_riskaware_top1,GCF_000599625.1,NZ_CP007390.1:1596946-1598589:+,mecA|mecA_riskaware_top1|GCF_000599625.1|NZ_CP007390.1:1596946-1598589:+|gene=yojI|product=microcin_J25_efflux_ABC_transporter_YojI|record=727_1 # 1 # 1644 # 1 # ID=727_1;partial=10;start_type=Edge;rbs_motif=None;rbs_spacer=None;gc_cont=0.530,YojI,3003952,peptide antibiotic,antibiotic efflux,ATP-binding cassette (ABC) antibiotic efflux pump,protein homolog model,Strict,99.63,100.0
mecA,mecA_riskaware_top1,GCF_000599625.1,NZ_CP007390.1:2141159-2142328:+,mecA|mecA_riskaware_top1|GCF_000599625.1|NZ_CP007390.1:2141159-2142328:+|gene=ydhP|product=MFS_transporter|record=728_1 # 1 # 1170 # 1 # ID=728_1;partial=10;start_type=Edge;rbs_motif=None;rbs_spacer=None;gc_cont=0.536,cmlv,3002700,phenicol antibiotic,antibiotic inactivation,chloramphenicol phosphotransferase,protein homolog model,Loose,35.4,89.22
mecA,mecA_riskaware_top1,GCF_000599645.1,NZ_CP007391.1:1691721-1693364:+,mecA|mecA_riskaware_top1|GCF_000599645.1|NZ_CP007391.1:1691721-1693364:+|gene=yojI|product=microcin_J25_efflux_ABC_transporter_YojI|record=737_1 # 1 # 1644 # 1 # ID=737_1;partial=10;start_type=Edge;rbs_motif=None;rbs_spacer=None;gc_cont=0.530,YojI,3003952,peptide antibiotic,antibiotic efflux,ATP-binding cassette (ABC) antibiotic efflux pump,protein homolog model,Strict,99.63,100.0
mecA,mecA_riskaware_top1,GCF_000599645.1,NZ_CP007391.1:2240947-2242116:+,mecA|mecA_riskaware_top1|GCF_000599645.1|NZ_CP007391.1:2240947-2242116:+|gene=ydhP|product=MFS_transporter|record=738_1 # 1 # 1170 # 1 # ID=738_1;partial=10;start_type=Edge;rbs_motif=None;rbs_spacer=None;gc_cont=0.536,cmlv,3002700,phenicol antibiotic,antibiotic inactivation,chloramphenicol phosphotransferase,protein homolog model,Loose,35.4,89.22
mecA,mecA_riskaware_top1,GCF_000599665.1,NZ_CP007392.1:2541818-2542987:-,mecA|mecA_riskaware_top1|GCF_000599665.1|NZ_CP007392.1:2541818-2542987:-|gene=ydhP|product=MFS_transporter|record=750_1 # 1 # 1170 # 1 # ID=750_1;partial=10;start_type=Edge;rbs_motif=None;rbs_spacer=None;gc_cont=0.537,cmlv,3002700,phenicol antibiotic,antibiotic inactivation,chloramphenicol phosphotransferase,protein homolog model,Loose,35.4,89.22
mecA,mecA_riskaware_top1,GCF_000599665.1,NZ_CP007392.1:3150562-3152205:-,mecA|mecA_riskaware_top1|GCF_000599665.1|NZ_CP007392.1:3150562-3152205:-|gene=yojI|product=microcin_J25_efflux_ABC_transporter_YojI|record=752_1 # 1 # 1644 # 1 # ID=752_1;partial=10;start_type=Edge;rbs_motif=None;rbs_spacer=None;gc_cont=0.530,YojI,3003952,peptide antibiotic,antibiotic efflux,ATP-binding cassette (ABC) antibiotic efflux pump,protein homolog model,Strict,98.72,100.0
mecA,mecA_riskaware_top1,GCF_000599685.1,NZ_CP007393.1:2534956-2536125:-,mecA|mecA_riskaware_top1|GCF_000599685.1|NZ_CP007393.1:2534956-2536125:-|gene=ydhP|product=MFS_transporter|record=760_1 # 1 # 1170 # 1 # ID=760_1;partial=10;start_type=Edge;rbs_motif=None;rbs_spacer=None;gc_cont=0.537,cmlv,3002700,phenicol antibiotic,antibiotic inactivation,chloramphenicol phosphotransferase,protein homolog model,Loose,35.4,89.22
mecA,mecA_riskaware_top1,GCF_000599685.1,NZ_CP007393.1:3140349-3141992:-,mecA|mecA_riskaware_top1|GCF_000599685.1|NZ_CP007393.1:3140349-3141992:-|gene=yojI|product=microcin_J25_efflux_ABC_transporter_YojI|record=762_1 # 1 # 1644 # 1 # ID=762_1;partial=10;start_type=Edge;rbs_motif=None;rbs_spacer=None;gc_cont=0.530,YojI,3003952,peptide antibiotic,antibiotic efflux,ATP-binding cassette (ABC) antibiotic efflux pump,protein homolog model,Strict,98.72,100.0
mecA,mecA_riskaware_top1,GCF_000599705.1,NZ_CP007394.1:2491225-2492394:-,mecA|mecA_riskaware_top1|GCF_000599705.1|NZ_CP007394.1:2491225-2492394:-|gene=ydhP|product=MFS_transporter|record=770_1 # 1 # 1170 # 1 # ID=770_1;partial=10;start_type=Edge;rbs_motif=None;rbs_spacer=None;gc_cont=0.537,cmlv,3002700,phenicol antibiotic,antibiotic inactivation,chloramphenicol phosphotransferase,protein homolog model,Loose,35.4,89.22
mecA,mecA_riskaware_top1,GCF_000599705.1,NZ_CP007394.1:3097198-3098841:-,mecA|mecA_riskaware_top1|GCF_000599705.1|NZ_CP007394.1:3097198-3098841:-|gene=yojI|product=microcin_J25_efflux_ABC_transporter_YojI|record=772_1 # 1 # 1644 # 1 # ID=772_1;partial=10;start_type=Edge;rbs_motif=None;rbs_spacer=None;gc_cont=0.530,YojI,3003952,peptide antibiotic,antibiotic efflux,ATP-binding cassette (ABC) antibiotic efflux pump,protein homolog model,Strict,98.72,100.0
mecA,mecA_riskaware_top1,GCF_000739495.1,NZ_CP009114.1:4169459-4172203:-,mecA|mecA_riskaware_top1|GCF_000739495.1|NZ_CP009114.1:4169459-4172203:-|gene=rbbA|product=ribosome-associated_ATPase/putative_transporter_RbbA|record=776_1 # 1 # 2745 # 1 # ID=776_1;partial=10;start_type=Edge;rbs_motif=None;rbs_spacer=None;gc_cont=0.616,bcrA,3002987,peptide antibiotic,antibiotic efflux,ATP-binding cassette (ABC) antibiotic efflux pump,protein homolog model,Loose,34.93,298.69
mecA,mecA_riskaware_top1,GCF_000739495.1,NZ_CP009114.1:2159920-2161356:-,mecA|mecA_riskaware_top1|GCF_000739495.1|NZ_CP009114.1:2159920-2161356:-|gene=nan|product=sugar_porter_family_MFS_transporter|record=784_1 # 1 # 1437 # 1 # ID=784_1;partial=10;start_type=Edge;rbs_motif=None;rbs_spacer=None;gc_cont=0.570,otr(B),3002892,tetracycline antibiotic,antibiotic efflux,major facilitator superfamily (MFS) antibiotic efflux pump,protein homolog model,Loose,27.15,84.9
mecA,mecA_riskaware_top1,GCF_000739495.1,NZ_CP009114.1:2655400-2656794:+,mecA|mecA_riskaware_top1|GCF_000739495.1|NZ_CP009114.1:2655400-2656794:+|gene=nan|product=sugar_porter_family_MFS_transporter|record=788_1 # 1 # 1395 # 1 # ID=788_1;partial=10;start_type=Edge;rbs_motif=None;rbs_spacer=None;gc_cont=0.578,lfrA,3003967,fluoroquinolone antibiotic,antibiotic efflux,major facilitator superfamily (MFS) antibiotic efflux pump,protein homolog model,Loose,40.57,92.06
mecA,mecA_riskaware_top1,GCF_000739495.1,NZ_CP009114.1:4363630-4364475:+,mecA|mecA_riskaware_top1|GCF_000739495.1|NZ_CP009114.1:4363630-4364475:+|gene=araC|product=arabinose_operon_transcriptional_regulator_AraC|record=800_1 # 1 # 846 # 1 # ID=800_1;partial=10;start_type=Edge;rbs_motif=None;rbs_spacer=None;gc_cont=0.610,mtrA,3000816,macrolide antibiotic,antibiotic efflux,resistance-nodulation-cell division (RND) antibiotic efflux pump,protein homolog model,Loose,26.47,93.36
mecA,mecA_riskaware_top1,GCF_000739495.1,NZ_CP009114.1:4913041-4914468:-,mecA|mecA_riskaware_top1|GCF_000739495.1|NZ_CP009114.1:4913041-4914468:-|gene=nan|product=MFS_transporter|record=803_1 # 1 # 1428 # 1 # ID=803_1;partial=10;start_type=Edge;rbs_motif=None;rbs_spacer=None;gc_cont=0.660,facT,3001313,elfamycin antibiotic,antibiotic efflux,major facilitator superfamily (MFS) antibiotic efflux pump,protein homolog model,Loose,33.18,84.97
mecA,mecA_riskaware_top1,GCF_000764615.1,NZ_CP008929.1:2373905-2376649:-,mecA|mecA_riskaware_top1|GCF_000764615.1|NZ_CP008929.1:2373905-2376649:-|gene=rbbA|product=ribosome-associated_ATPase/putative_transporter_RbbA|record=810_1 # 1 # 2745 # 1 # ID=810_1;partial=10;start_type=Edge;rbs_motif=None;rbs_spacer=None;gc_cont=0.623,bcrA,3002987,peptide antibiotic,antibiotic efflux,ATP-binding cassette (ABC) antibiotic efflux pump,protein homolog model,Loose,35.37,298.69
mecA,mecA_riskaware_top1,GCF_000764615.1,NZ_CP008929.1:416727-418163:-,mecA|mecA_riskaware_top1|GCF_000764615.1|NZ_CP008929.1:416727-418163:-|gene=nan|product=sugar_porter_family_MFS_transporter|record=812_1 # 1 # 1437 # 1 # ID=812_1;partial=10;start_type=Edge;rbs_motif=None;rbs_spacer=None;gc_cont=0.571,otr(B),3002892,tetracycline antibiotic,antibiotic efflux,major facilitator superfamily (MFS) antibiotic efflux pump,protein homolog model,Loose,27.15,84.9
mecA,mecA_riskaware_top1,GCF_000764615.1,NZ_CP008929.1:549298-550836:+,mecA|mecA_riskaware_top1|GCF_000764615.1|NZ_CP008929.1:549298-550836:+|gene=emrB|product=multidrug_efflux_MFS_transporter_permease_subunit_EmrB|record=813_1 # 1 # 1539 # 1 # ID=813_1;partial=10;start_type=Edge;rbs_motif=None;rbs_spacer=None;gc_cont=0.612,Klebsiella pneumoniae KpnH,3004597,macrolide antibiotic; fluoroquinolone antibiotic; aminoglycoside antibiotic; carbapenem; cephalosporin; penicillin beta-lactam; peptide antibiotic,antibiotic efflux,major facilitator superfamily (MFS) antibiotic efflux pump,protein homolog model,Strict,93.36,100.0
mecA,mecA_riskaware_top1,GCF_000764615.1,NZ_CP008929.1:924284-925678:+,mecA|mecA_riskaware_top1|GCF_000764615.1|NZ_CP008929.1:924284-925678:+|gene=nan|product=sugar_porter_family_MFS_transporter|record=816_1 # 1 # 1395 # 1 # ID=816_1;partial=10;start_type=Edge;rbs_motif=None;rbs_spacer=None;gc_cont=0.581,lfrA,3003967,fluoroquinolone antibiotic,antibiotic efflux,major facilitator superfamily (MFS) antibiotic efflux pump,protein homolog model,Loose,40.57,92.06
mecA,mecA_riskaware_top1,GCF_000764615.1,NZ_CP008929.1:3119740-3121167:-,mecA|mecA_riskaware_top1|GCF_000764615.1|NZ_CP008929.1:3119740-3121167:-|gene=nan|product=MFS_transporter|record=831_1 # 1 # 1428 # 1 # ID=831_1;partial=10;start_type=Edge;rbs_motif=None;rbs_spacer=None;gc_cont=0.660,facT,3001313,elfamycin antibiotic,antibiotic efflux,major facilitator superfamily (MFS) antibiotic efflux pump,protein homolog model,Loose,33.18,84.97
mecA,mecA_riskaware_top1,GCF_000775955.1,NZ_CP009461.1:4225751-4228495:+,mecA|mecA_riskaware_top1|GCF_000775955.1|NZ_CP009461.1:4225751-4228495:+|gene=rbbA|product=ribosome-associated_ATPase/putative_transporter_RbbA|record=842_1 # 1 # 2745 # 1 # ID=842_1;partial=10;start_type=Edge;rbs_motif=None;rbs_spacer=None;gc_cont=0.622,bcrA,3002987,peptide antibiotic,antibiotic efflux,ATP-binding cassette (ABC) antibiotic efflux pump,protein homolog model,Loose,35.37,298.69
mecA,mecA_riskaware_top1,GCF_000775955.1,NZ_CP009461.1:521207-522601:-,mecA|mecA_riskaware_top1|GCF_000775955.1|NZ_CP009461.1:521207-522601:-|gene=nan|product=sugar_porter_family_MFS_transporter|record=849_1 # 1 # 1395 # 1 # ID=849_1;partial=10;start_type=Edge;rbs_motif=None;rbs_spacer=None;gc_cont=0.579,lfrA,3003967,fluoroquinolone antibiotic,antibiotic efflux,major facilitator superfamily (MFS) antibiotic efflux pump,protein homolog model,Loose,40.57,92.06
mecA,mecA_riskaware_top1,GCF_000775955.1,NZ_CP009461.1:1044061-1045497:+,mecA|mecA_riskaware_top1|GCF_000775955.1|NZ_CP009461.1:1044061-1045497:+|gene=nan|product=sugar_porter_family_MFS_transporter|record=852_1 # 1 # 1437 # 1 # ID=852_1;partial=10;start_type=Edge;rbs_motif=None;rbs_spacer=None;gc_cont=0.572,otr(B),3002892,tetracycline antibiotic,antibiotic efflux,major facilitator superfamily (MFS) antibiotic efflux pump,protein homolog model,Loose,27.15,84.9
mecA,mecA_riskaware_top1,GCF_000775955.1,NZ_CP009461.1:2018024-2019184:-,mecA|mecA_riskaware_top1|GCF_000775955.1|NZ_CP009461.1:2018024-2019184:-|gene=nan|product=MFS_transporter|record=858_1 # 1 # 1161 # 1 # ID=858_1;partial=10;start_type=Edge;rbs_motif=None;rbs_spacer=None;gc_cont=0.594,mdtG,3001329,phosphonic acid antibiotic,antibiotic efflux,major facilitator superfamily (MFS) antibiotic efflux pump,protein homolog model,Loose,27.42,94.61
mecA,mecA_riskaware_top1,GCF_000775955.1,NZ_CP009461.1:3494470-3495897:+,mecA|mecA_riskaware_top1|GCF_000775955.1|NZ_CP009461.1:3494470-3495897:+|gene=nan|product=MFS_transporter|record=864_1 # 1 # 1428 # 1 # ID=864_1;partial=10;start_type=Edge;rbs_motif=None;rbs_spacer=None;gc_cont=0.658,facT,3001313,elfamycin antibiotic,antibiotic efflux,major facilitator superfamily (MFS) antibiotic efflux pump,protein homolog model,Loose,33.18,84.97
mecA,mecA_riskaware_top1,GCF_000784925.1,NZ_CP009862.1:1-80186:+,mecA|mecA_riskaware_top1|GCF_000784925.1|NZ_CP009862.1:1-80186:+|gene=nan|product=nan|record=874_4 # 4264 # 4737 # 1 # ID=874_4;partial=00;start_type=TTG;rbs_motif=AGGA;rbs_spacer=5-10bp;gc_cont=0.460,dfrA14,3002859,diaminopyrimidine antibiotic,antibiotic target replacement,trimethoprim resistant dihydrofolate reductase dfr,protein homolog model,Perfect,100.0,100.0
mecA,mecA_riskaware_top1,GCF_000784925.1,NZ_CP009862.1:1-80186:+,mecA|mecA_riskaware_top1|GCF_000784925.1|NZ_CP009862.1:1-80186:+|gene=nan|product=nan|record=874_33 # 28240 # 29121 # -1 # ID=874_33;partial=00;start_type=ATG;rbs_motif=AGGA;rbs_spacer=5-10bp;gc_cont=0.615,KPC-2,3002312,monobactam; carbapenem; cephalosporin; penicillin beta-lactam,antibiotic inactivation,KPC beta-lactamase,protein homolog model,Perfect,100.0,100.0
mecA,mecA_riskaware_top1,GCF_000784925.1,NZ_CP009862.1:1-80186:+,mecA|mecA_riskaware_top1|GCF_000784925.1|NZ_CP009862.1:1-80186:+|gene=nan|product=nan|record=874_40 # 38125 # 38730 # 1 # ID=874_40;partial=00;start_type=ATG;rbs_motif=AGGA;rbs_spacer=5-10bp;gc_cont=0.530,AAC(6')-Ib9,3002580,aminoglycoside antibiotic,antibiotic inactivation,AAC(6'),protein homolog model,Strict,98.97,99.01
mecA,mecA_riskaware_top1,GCF_000784925.1,NZ_CP009862.1:1-80186:+,mecA|mecA_riskaware_top1|GCF_000784925.1|NZ_CP009862.1:1-80186:+|gene=nan|product=nan|record=874_41 # 38812 # 39588 # 1 # ID=874_41;partial=00;start_type=GTG;rbs_motif=GGAG/GAGG;rbs_spacer=5-10bp;gc_cont=0.530,aadA,3002601,aminoglycoside antibiotic,antibiotic inactivation,ANT(3''),protein homolog model,Strict,99.23,98.1
mecA,mecA_riskaware_top1,GCF_000784925.1,NZ_CP009862.1:1-80186:+,mecA|mecA_riskaware_top1|GCF_000784925.1|NZ_CP009862.1:1-80186:+|gene=nan|product=nan|record=874_42 # 39648 # 40472 # 1 # ID=874_42;partial=00;start_type=ATG;rbs_motif=AGGA;rbs_spacer=5-10bp;gc_cont=0.495,OXA-9,3001404,penicillin beta-lactam,antibiotic inactivation,OXA beta-lactamase; OXA-9-like beta-lactamase,protein homolog model,Perfect,100.0,100.0
mecA,mecA_riskaware_top1,GCF_000784925.1,NZ_CP009862.1:1-80186:+,mecA|mecA_riskaware_top1|GCF_000784925.1|NZ_CP009862.1:1-80186:+|gene=nan|product=nan|record=874_44 # 41172 # 42032 # 1 # ID=874_44;partial=00;start_type=ATG;rbs_motif=AGGA;rbs_spacer=5-10bp;gc_cont=0.494,TEM-1,3000873,monobactam; cephalosporin; penicillin beta-lactam,antibiotic inactivation,TEM beta-lactamase,protein homolog model,Perfect,100.0,100.0
mecA,mecA_riskaware_top1,GCF_000784925.1,NZ_CP009862.1:1-80186:+,mecA|mecA_riskaware_top1|GCF_000784925.1|NZ_CP009862.1:1-80186:+|gene=nan|product=nan|record=874_46 # 43505 # 43960 # -1 # ID=874_46;partial=00;start_type=ATG;rbs_motif=GGAG/GAGG;rbs_spacer=5-10bp;gc_cont=0.607,golS,3000504,monobactam; carbapenem; cephalosporin; penicillin beta-lactam; phenicol antibiotic,antibiotic efflux,resistance-nodulation-cell division (RND) antibiotic efflux pump,protein homolog model,Loose,30.71,98.05
mecA,mecA_riskaware_top1,GCF_000784925.1,NZ_CP009862.1:1-80186:+,mecA|mecA_riskaware_top1|GCF_000784925.1|NZ_CP009862.1:1-80186:+|gene=nan|product=nan|record=874_58 # 53395 # 54231 # -1 # ID=874_58;partial=00;start_type=ATG;rbs_motif=None;rbs_spacer=None;gc_cont=0.559,APH(6)-Id,3002660,aminoglycoside antibiotic,antibiotic inactivation,APH(6),protein homolog model,Strict,99.64,100.0
mecA,mecA_riskaware_top1,GCF_000784925.1,NZ_CP009862.1:1-80186:+,mecA|mecA_riskaware_top1|GCF_000784925.1|NZ_CP009862.1:1-80186:+|gene=nan|product=nan|record=874_59 # 54231 # 55034 # -1 # ID=874_59;partial=00;start_type=TTG;rbs_motif=AGGA;rbs_spacer=5-10bp;gc_cont=0.562,APH(3'')-Ib,3002639,aminoglycoside antibiotic,antibiotic inactivation,APH(3''),protein homolog model,Strict,99.63,100.0
mecA,mecA_riskaware_top1,GCF_000784925.1,NZ_CP009862.1:1-80186:+,mecA|mecA_riskaware_top1|GCF_000784925.1|NZ_CP009862.1:1-80186:+|gene=nan|product=nan|record=874_60 # 55095 # 55910 # -1 # ID=874_60;partial=00;start_type=ATG;rbs_motif=AGxAG;rbs_spacer=5-10bp;gc_cont=0.609,sul2,3000412,sulfonamide antibiotic,antibiotic target replacement,sulfonamide resistant sul,protein homolog model,Perfect,100.0,100.0
mecA,mecA_riskaware_top1,GCF_000784925.1,NZ_CP009859.1:1923374-1924543:-,mecA|mecA_riskaware_top1|GCF_000784925.1|NZ_CP009859.1:1923374-1924543:-|gene=ydhP|product=MFS_transporter|record=880_1 # 1 # 1170 # 1 # ID=880_1;partial=10;start_type=Edge;rbs_motif=None;rbs_spacer=None;gc_cont=0.538,cmlv,3002700,phenicol antibiotic,antibiotic inactivation,chloramphenicol phosphotransferase,protein homolog model,Loose,35.4,89.22
mecA,mecA_riskaware_top1,GCF_000784925.1,NZ_CP009859.1:2593932-2595575:-,mecA|mecA_riskaware_top1|GCF_000784925.1|NZ_CP009859.1:2593932-2595575:-|gene=yojI|product=microcin_J25_efflux_ABC_transporter_YojI|record=882_1 # 1 # 1644 # 1 # ID=882_1;partial=10;start_type=Edge;rbs_motif=None;rbs_spacer=None;gc_cont=0.533,YojI,3003952,peptide antibiotic,antibiotic efflux,ATP-binding cassette (ABC) antibiotic efflux pump,protein homolog model,Strict,99.63,100.0
mecA,mecA_riskaware_top1,GCF_000801165.1,NZ_CP009104.1:2593973-2595142:-,mecA|mecA_riskaware_top1|GCF_000801165.1|NZ_CP009104.1:2593973-2595142:-|gene=ydhP|product=MFS_transporter|record=891_1 # 1 # 1170 # 1 # ID=891_1;partial=10;start_type=Edge;rbs_motif=None;rbs_spacer=None;gc_cont=0.535,cmlv,3002700,phenicol antibiotic,antibiotic inactivation,chloramphenicol phosphotransferase,protein homolog model,Loose,35.4,89.22
mecA,mecA_riskaware_top1,GCF_000801165.1,NZ_CP009104.1:3251505-3253148:-,mecA|mecA_riskaware_top1|GCF_000801165.1|NZ_CP009104.1:3251505-3253148:-|gene=yojI|product=microcin_J25_efflux_ABC_transporter_YojI|record=893_1 # 1 # 1644 # 1 # ID=893_1;partial=10;start_type=Edge;rbs_motif=None;rbs_spacer=None;gc_cont=0.533,YojI,3003952,peptide antibiotic,antibiotic efflux,ATP-binding cassette (ABC) antibiotic efflux pump,protein homolog model,Strict,99.45,100.0
mecA,mecA_riskaware_top1,GCF_000801185.2,NZ_CP009106.2:3198968-3200611:-,mecA|mecA_riskaware_top1|GCF_000801185.2|NZ_CP009106.2:3198968-3200611:-|gene=yojI|product=microcin_J25_efflux_ABC_transporter_YojI|record=902_1 # 1 # 1644 # 1 # ID=902_1;partial=10;start_type=Edge;rbs_motif=None;rbs_spacer=None;gc_cont=0.534,YojI,3003952,peptide antibiotic,antibiotic efflux,ATP-binding cassette (ABC) antibiotic efflux pump,protein homolog model,Strict,99.82,100.0
mecA,mecA_riskaware_top1,GCF_000807395.2,NZ_CP010361.1:4660119-4662863:+,mecA|mecA_riskaware_top1|GCF_000807395.2|NZ_CP010361.1:4660119-4662863:+|gene=rbbA|product=ribosome-associated_ATPase/putative_transporter_RbbA|record=905_1 # 1 # 2745 # 1 # ID=905_1;partial=10;start_type=Edge;rbs_motif=None;rbs_spacer=None;gc_cont=0.621,bcrA,3002987,peptide antibiotic,antibiotic efflux,ATP-binding cassette (ABC) antibiotic efflux pump,protein homolog model,Loose,35.37,298.69
mecA,mecA_riskaware_top1,GCF_000807395.2,NZ_CP010361.1:814497-815891:-,mecA|mecA_riskaware_top1|GCF_000807395.2|NZ_CP010361.1:814497-815891:-|gene=nan|product=sugar_porter_family_MFS_transporter|record=914_1 # 1 # 1395 # 1 # ID=914_1;partial=10;start_type=Edge;rbs_motif=None;rbs_spacer=None;gc_cont=0.578,lfrA,3003967,fluoroquinolone antibiotic,antibiotic efflux,major facilitator superfamily (MFS) antibiotic efflux pump,protein homolog model,Loose,40.57,92.06
mecA,mecA_riskaware_top1,GCF_000807395.2,NZ_CP010361.1:1310027-1311463:+,mecA|mecA_riskaware_top1|GCF_000807395.2|NZ_CP010361.1:1310027-1311463:+|gene=nan|product=sugar_porter_family_MFS_transporter|record=918_1 # 1 # 1437 # 1 # ID=918_1;partial=10;start_type=Edge;rbs_motif=None;rbs_spacer=None;gc_cont=0.570,otr(B),3002892,tetracycline antibiotic,antibiotic efflux,major facilitator superfamily (MFS) antibiotic efflux pump,protein homolog model,Loose,27.15,84.9
mecA,mecA_riskaware_top1,GCF_000807395.2,NZ_CP010361.1:3874908-3876335:+,mecA|mecA_riskaware_top1|GCF_000807395.2|NZ_CP010361.1:3874908-3876335:+|gene=nan|product=MFS_transporter|record=929_1 # 1 # 1428 # 1 # ID=929_1;partial=10;start_type=Edge;rbs_motif=None;rbs_spacer=None;gc_cont=0.660,facT,3001313,elfamycin antibiotic,antibiotic efflux,major facilitator superfamily (MFS) antibiotic efflux pump,protein homolog model,Loose,33.18,84.97
mecA,mecA_riskaware_top1,GCF_000807395.2,NZ_CP010361.1:4473347-4474192:-,mecA|mecA_riskaware_top1|GCF_000807395.2|NZ_CP010361.1:4473347-4474192:-|gene=araC|product=arabinose_operon_transcriptional_regulator_AraC|record=932_1 # 1 # 846 # 1 # ID=932_1;partial=10;start_type=Edge;rbs_motif=None;rbs_spacer=None;gc_cont=0.610,mtrA,3000816,macrolide antibiotic,antibiotic efflux,resistance-nodulation-cell division (RND) antibiotic efflux pump,protein homolog model,Loose,26.47,93.36
mecA,mecA_riskaware_top1,GCF_000814145.2,NZ_CP010371.1:2385825-2387468:-,mecA|mecA_riskaware_top1|GCF_000814145.2|NZ_CP010371.1:2385825-2387468:-|gene=yojI|product=microcin_J25_efflux_ABC_transporter_YojI|record=945_1 # 1 # 1644 # 1 # ID=945_1;partial=10;start_type=Edge;rbs_motif=None;rbs_spacer=None;gc_cont=0.534,YojI,3003952,peptide antibiotic,antibiotic efflux,ATP-binding cassette (ABC) antibiotic efflux pump,protein homolog model,Perfect,100.0,100.0
mecA,mecA_riskaware_top1,GCF_000814305.1,NZ_CP010392.1:4639051-4641795:+,mecA|mecA_riskaware_top1|GCF_000814305.1|NZ_CP010392.1:4639051-4641795:+|gene=rbbA|product=ribosome-associated_ATPase/putative_transporter_RbbA|record=948_1 # 1 # 2745 # 1 # ID=948_1;partial=10;start_type=Edge;rbs_motif=None;rbs_spacer=None;gc_cont=0.621,bcrA,3002987,peptide antibiotic,antibiotic efflux,ATP-binding cassette (ABC) antibiotic efflux pump,protein homolog model,Loose,35.37,298.69
mecA,mecA_riskaware_top1,GCF_000814305.1,NZ_CP010392.1:813254-814648:-,mecA|mecA_riskaware_top1|GCF_000814305.1|NZ_CP010392.1:813254-814648:-|gene=nan|product=sugar_porter_family_MFS_transporter|record=957_1 # 1 # 1395 # 1 # ID=957_1;partial=10;start_type=Edge;rbs_motif=None;rbs_spacer=None;gc_cont=0.578,lfrA,3003967,fluoroquinolone antibiotic,antibiotic efflux,major facilitator superfamily (MFS) antibiotic efflux pump,protein homolog model,Loose,40.57,92.06
mecA,mecA_riskaware_top1,GCF_000814305.1,NZ_CP010392.1:1309862-1311298:+,mecA|mecA_riskaware_top1|GCF_000814305.1|NZ_CP010392.1:1309862-1311298:+|gene=nan|product=sugar_porter_family_MFS_transporter|record=961_1 # 1 # 1437 # 1 # ID=961_1;partial=10;start_type=Edge;rbs_motif=None;rbs_spacer=None;gc_cont=0.570,otr(B),3002892,tetracycline antibiotic,antibiotic efflux,major facilitator superfamily (MFS) antibiotic efflux pump,protein homolog model,Loose,27.15,84.9
mecA,mecA_riskaware_top1,GCF_000814305.1,NZ_CP010392.1:3853769-3855196:+,mecA|mecA_riskaware_top1|GCF_000814305.1|NZ_CP010392.1:3853769-3855196:+|gene=nan|product=MFS_transporter|record=972_1 # 1 # 1428 # 1 # ID=972_1;partial=10;start_type=Edge;rbs_motif=None;rbs_spacer=None;gc_cont=0.660,facT,3001313,elfamycin antibiotic,antibiotic efflux,major facilitator superfamily (MFS) antibiotic efflux pump,protein homolog model,Loose,33.18,84.97
mecA,mecA_riskaware_top1,GCF_000814305.1,NZ_CP010392.1:4452277-4453122:-,mecA|mecA_riskaware_top1|GCF_000814305.1|NZ_CP010392.1:4452277-4453122:-|gene=araC|product=arabinose_operon_transcriptional_regulator_AraC|record=975_1 # 1 # 846 # 1 # ID=975_1;partial=10;start_type=Edge;rbs_motif=None;rbs_spacer=None;gc_cont=0.610,mtrA,3000816,macrolide antibiotic,antibiotic efflux,resistance-nodulation-cell division (RND) antibiotic efflux pump,protein homolog model,Loose,26.47,93.36
mecA,mecA_riskaware_top1,GCF_000968155.1,NZ_FO834906.1:4723944-4726688:+,mecA|mecA_riskaware_top1|GCF_000968155.1|NZ_FO834906.1:4723944-4726688:+|gene=rbbA|product=ribosome-associated_ATPase/putative_transporter_RbbA|record=983_1 # 1 # 2745 # 1 # ID=983_1;partial=10;start_type=Edge;rbs_motif=None;rbs_spacer=None;gc_cont=0.621,bcrA,3002987,peptide antibiotic,antibiotic efflux,ATP-binding cassette (ABC) antibiotic efflux pump,protein homolog model,Loose,35.37,298.69
mecA,mecA_riskaware_top1,GCF_000968155.1,NZ_FO834906.1:746390-747784:-,mecA|mecA_riskaware_top1|GCF_000968155.1|NZ_FO834906.1:746390-747784:-|gene=nan|product=sugar_porter_family_MFS_transporter|record=990_1 # 1 # 1395 # 1 # ID=990_1;partial=10;start_type=Edge;rbs_motif=None;rbs_spacer=None;gc_cont=0.581,lfrA,3003967,fluoroquinolone antibiotic,antibiotic efflux,major facilitator superfamily (MFS) antibiotic efflux pump,protein homolog model,Loose,40.57,92.06
mecA,mecA_riskaware_top1,GCF_000968155.1,NZ_FO834906.1:1146580-1148118:-,mecA|mecA_riskaware_top1|GCF_000968155.1|NZ_FO834906.1:1146580-1148118:-|gene=emrB|product=multidrug_efflux_MFS_transporter_permease_subunit_EmrB|record=993_1 # 1 # 1539 # 1 # ID=993_1;partial=10;start_type=Edge;rbs_motif=None;rbs_spacer=None;gc_cont=0.614,Klebsiella pneumoniae KpnH,3004597,macrolide antibiotic; fluoroquinolone antibiotic; aminoglycoside antibiotic; carbapenem; cephalosporin; penicillin beta-lactam; peptide antibiotic,antibiotic efflux,major facilitator superfamily (MFS) antibiotic efflux pump,protein homolog model,Strict,93.36,100.0
mecA,mecA_riskaware_top1,GCF_000968155.1,NZ_FO834906.1:1642458-1643885:-,mecA|mecA_riskaware_top1|GCF_000968155.1|NZ_FO834906.1:1642458-1643885:-|gene=nan|product=MFS_transporter|record=996_1 # 1 # 1428 # 1 # ID=996_1;partial=10;start_type=Edge;rbs_motif=None;rbs_spacer=None;gc_cont=0.660,facT,3001313,elfamycin antibiotic,antibiotic efflux,major facilitator superfamily (MFS) antibiotic efflux pump,protein homolog model,Loose,33.18,84.97
mecA,mecA_riskaware_top1,GCF_000968155.1,NZ_FO834906.1:4317109-4318545:-,mecA|mecA_riskaware_top1|GCF_000968155.1|NZ_FO834906.1:4317109-4318545:-|gene=nan|product=sugar_porter_family_MFS_transporter|record=1006_1 # 1 # 1437 # 1 # ID=1006_1;partial=10;start_type=Edge;rbs_motif=None;rbs_spacer=None;gc_cont=0.571,otr(B),3002892,tetracycline antibiotic,antibiotic efflux,major facilitator superfamily (MFS) antibiotic efflux pump,protein homolog model,Loose,27.15,84.9
mecA,mecA_riskaware_top1,GCF_000968155.1,NZ_FO834906.1:4544370-4545215:-,mecA|mecA_riskaware_top1|GCF_000968155.1|NZ_FO834906.1:4544370-4545215:-|gene=araC|product=arabinose_operon_transcriptional_regulator_AraC|record=1007_1 # 1 # 846 # 1 # ID=1007_1;partial=10;start_type=Edge;rbs_motif=None;rbs_spacer=None;gc_cont=0.612,Escherichia coli soxS with mutation conferring antibiotic resistance,3003511,fluoroquinolone antibiotic; monobactam; carbapenem; cephalosporin; glycylcycline; penicillin beta-lactam; tetracycline antibiotic; rifamycin antibiotic; phenicol antibiotic; disinfecting agents and antiseptics,antibiotic target alteration; antibiotic efflux; reduced permeability to antibiotic,ATP-binding cassette (ABC) antibiotic efflux pump; major facilitator superfamily (MFS) antibiotic efflux pump; resistance-nodulation-cell division (RND) antibiotic efflux pump; General Bacterial Porin with reduced permeability to beta-lactams,protein overexpression model,Loose,28.28,262.62
mecA,mecA_riskaware_top1,GCF_001022035.1,NZ_CP011578.1:4116652-4119396:-,mecA|mecA_riskaware_top1|GCF_001022035.1|NZ_CP011578.1:4116652-4119396:-|gene=rbbA|product=ribosome-associated_ATPase/putative_transporter_RbbA|record=1015_1 # 1 # 2745 # 1 # ID=1015_1;partial=10;start_type=Edge;rbs_motif=None;rbs_spacer=None;gc_cont=0.621,bcrA,3002987,peptide antibiotic,antibiotic efflux,ATP-binding cassette (ABC) antibiotic efflux pump,protein homolog model,Loose,35.37,298.69
mecA,mecA_riskaware_top1,GCF_001022035.1,NZ_CP011578.1:2100053-2101489:-,mecA|mecA_riskaware_top1|GCF_001022035.1|NZ_CP011578.1:2100053-2101489:-|gene=nan|product=sugar_porter_family_MFS_transporter|record=1022_1 # 1 # 1437 # 1 # ID=1022_1;partial=10;start_type=Edge;rbs_motif=None;rbs_spacer=None;gc_cont=0.570,otr(B),3002892,tetracycline antibiotic,antibiotic efflux,major facilitator superfamily (MFS) antibiotic efflux pump,protein homolog model,Loose,27.15,84.9
mecA,mecA_riskaware_top1,GCF_001022035.1,NZ_CP011578.1:2632038-2633432:+,mecA|mecA_riskaware_top1|GCF_001022035.1|NZ_CP011578.1:2632038-2633432:+|gene=nan|product=sugar_porter_family_MFS_transporter|record=1026_1 # 1 # 1395 # 1 # ID=1026_1;partial=10;start_type=Edge;rbs_motif=None;rbs_spacer=None;gc_cont=0.578,lfrA,3003967,fluoroquinolone antibiotic,antibiotic efflux,major facilitator superfamily (MFS) antibiotic efflux pump,protein homolog model,Loose,40.57,92.06
mecA,mecA_riskaware_top1,GCF_001022035.1,NZ_CP011578.1:4306516-4307361:+,mecA|mecA_riskaware_top1|GCF_001022035.1|NZ_CP011578.1:4306516-4307361:+|gene=araC|product=arabinose_operon_transcriptional_regulator_AraC|record=1039_1 # 1 # 846 # 1 # ID=1039_1;partial=10;start_type=Edge;rbs_motif=None;rbs_spacer=None;gc_cont=0.610,mtrA,3000816,macrolide antibiotic,antibiotic efflux,resistance-nodulation-cell division (RND) antibiotic efflux pump,protein homolog model,Loose,26.47,93.36
mecA,mecA_riskaware_top1,GCF_001022035.1,NZ_CP011578.1:4904980-4906407:-,mecA|mecA_riskaware_top1|GCF_001022035.1|NZ_CP011578.1:4904980-4906407:-|gene=nan|product=MFS_transporter|record=1042_1 # 1 # 1428 # 1 # ID=1042_1;partial=10;start_type=Edge;rbs_motif=None;rbs_spacer=None;gc_cont=0.660,facT,3001313,elfamycin antibiotic,antibiotic efflux,major facilitator superfamily (MFS) antibiotic efflux pump,protein homolog model,Loose,33.18,84.97
mecA,mecA_riskaware_top1,GCF_001022175.1,NZ_CP011624.1:1550786-1553530:+,mecA|mecA_riskaware_top1|GCF_001022175.1|NZ_CP011624.1:1550786-1553530:+|gene=rbbA|product=ribosome-associated_ATPase/putative_transporter_RbbA|record=1047_1 # 1 # 2745 # 1 # ID=1047_1;partial=10;start_type=Edge;rbs_motif=None;rbs_spacer=None;gc_cont=0.621,bcrA,3002987,peptide antibiotic,antibiotic efflux,ATP-binding cassette (ABC) antibiotic efflux pump,protein homolog model,Loose,35.37,298.69
mecA,mecA_riskaware_top1,GCF_001022175.1,NZ_CP011624.1:1369217-1370062:-,mecA|mecA_riskaware_top1|GCF_001022175.1|NZ_CP011624.1:1369217-1370062:-|gene=araC|product=arabinose_operon_transcriptional_regulator_AraC|record=1057_1 # 1 # 846 # 1 # ID=1057_1;partial=10;start_type=Edge;rbs_motif=None;rbs_spacer=None;gc_cont=0.612,Escherichia coli soxS with mutation conferring antibiotic resistance,3003511,fluoroquinolone antibiotic; monobactam; carbapenem; cephalosporin; glycylcycline; penicillin beta-lactam; tetracycline antibiotic; rifamycin antibiotic; phenicol antibiotic; disinfecting agents and antiseptics,antibiotic target alteration; antibiotic efflux; reduced permeability to antibiotic,ATP-binding cassette (ABC) antibiotic efflux pump; major facilitator superfamily (MFS) antibiotic efflux pump; resistance-nodulation-cell division (RND) antibiotic efflux pump; General Bacterial Porin with reduced permeability to beta-lactams,protein overexpression model,Loose,28.28,262.62
mecA,mecA_riskaware_top1,GCF_001022175.1,NZ_CP011624.1:2995573-2996967:-,mecA|mecA_riskaware_top1|GCF_001022175.1|NZ_CP011624.1:2995573-2996967:-|gene=nan|product=sugar_porter_family_MFS_transporter|record=1071_1 # 1 # 1395 # 1 # ID=1071_1;partial=10;start_type=Edge;rbs_motif=None;rbs_spacer=None;gc_cont=0.579,lfrA,3003967,fluoroquinolone antibiotic,antibiotic efflux,major facilitator superfamily (MFS) antibiotic efflux pump,protein homolog model,Loose,40.57,92.06
mecA,mecA_riskaware_top1,GCF_001022175.1,NZ_CP011624.1:3537489-3538925:+,mecA|mecA_riskaware_top1|GCF_001022175.1|NZ_CP011624.1:3537489-3538925:+|gene=nan|product=sugar_porter_family_MFS_transporter|record=1074_1 # 1 # 1437 # 1 # ID=1074_1;partial=10;start_type=Edge;rbs_motif=None;rbs_spacer=None;gc_cont=0.571,otr(B),3002892,tetracycline antibiotic,antibiotic efflux,major facilitator superfamily (MFS) antibiotic efflux pump,protein homolog model,Loose,27.15,84.9
mecA,mecA_riskaware_top1,GCF_001022235.1,NZ_CP011647.1:1817087-1819831:-,mecA|mecA_riskaware_top1|GCF_001022235.1|NZ_CP011647.1:1817087-1819831:-|gene=rbbA|product=ribosome-associated_ATPase/putative_transporter_RbbA|record=1081_1 # 1 # 2745 # 1 # ID=1081_1;partial=10;start_type=Edge;rbs_motif=None;rbs_spacer=None;gc_cont=0.621,bcrA,3002987,peptide antibiotic,antibiotic efflux,ATP-binding cassette (ABC) antibiotic efflux pump,protein homolog model,Loose,35.37,298.69
mecA,mecA_riskaware_top1,GCF_001022235.1,NZ_CP011647.1:327818-329212:+,mecA|mecA_riskaware_top1|GCF_001022235.1|NZ_CP011647.1:327818-329212:+|gene=nan|product=sugar_porter_family_MFS_transporter|record=1084_1 # 1 # 1395 # 1 # ID=1084_1;partial=10;start_type=Edge;rbs_motif=None;rbs_spacer=None;gc_cont=0.578,lfrA,3003967,fluoroquinolone antibiotic,antibiotic efflux,major facilitator superfamily (MFS) antibiotic efflux pump,protein homolog model,Loose,40.57,92.06
mecA,mecA_riskaware_top1,GCF_001022235.1,NZ_CP011647.1:2005384-2006229:+,mecA|mecA_riskaware_top1|GCF_001022235.1|NZ_CP011647.1:2005384-2006229:+|gene=araC|product=arabinose_operon_transcriptional_regulator_AraC|record=1097_1 # 1 # 846 # 1 # ID=1097_1;partial=10;start_type=Edge;rbs_motif=None;rbs_spacer=None;gc_cont=0.610,mtrA,3000816,macrolide antibiotic,antibiotic efflux,resistance-nodulation-cell division (RND) antibiotic efflux pump,protein homolog model,Loose,26.47,93.36
mecA,mecA_riskaware_top1,GCF_001022235.1,NZ_CP011647.1:2604627-2606054:-,mecA|mecA_riskaware_top1|GCF_001022235.1|NZ_CP011647.1:2604627-2606054:-|gene=nan|product=MFS_transporter|record=1100_1 # 1 # 1428 # 1 # ID=1100_1;partial=10;start_type=Edge;rbs_motif=None;rbs_spacer=None;gc_cont=0.660,facT,3001313,elfamycin antibiotic,antibiotic efflux,major facilitator superfamily (MFS) antibiotic efflux pump,protein homolog model,Loose,33.18,84.97
mecA,mecA_riskaware_top1,GCF_001022235.1,NZ_CP011647.1:5196856-5198292:-,mecA|mecA_riskaware_top1|GCF_001022235.1|NZ_CP011647.1:5196856-5198292:-|gene=nan|product=sugar_porter_family_MFS_transporter|record=1111_1 # 1 # 1437 # 1 # ID=1111_1;partial=10;start_type=Edge;rbs_motif=None;rbs_spacer=None;gc_cont=0.570,otr(B),3002892,tetracycline antibiotic,antibiotic efflux,major facilitator superfamily (MFS) antibiotic efflux pump,protein homolog model,Loose,27.15,84.9
