guide,gene,final_score,RS3_score,CFD_score,conservation,norm_internal_score,norm_rs3_score,norm_specificity_score,norm_conservation_score,external_ensemble_score,internal_consensus_rank,external_ensemble_rank,rank_shift_external_minus_internal,rs3_available,ensemble_formula_used,position,rank_RS3,rank_CFD,rank_final
AATGGTTCGGTATGCGGGCG,blaNDM1,93.6,84.0,100.0,100.0,1.0,1.0,1.0,1.0,1.0,1,1,0,True,0.30 internal + 0.25 RS3-style + 0.25 specificity + 0.20 conservation,221,1.0,1.0,1.0
AATGGTTCGGTATGCGGGCG,blaNDM1,93.6,84.0,100.0,100.0,1.0,1.0,1.0,1.0,1.0,1,1,0,True,0.30 internal + 0.25 RS3-style + 0.25 specificity + 0.20 conservation,308,1.0,1.0,1.0
AGAGCCTTACTGCCCGAAGG,blaKPC,92.8,82.0,100.0,100.0,0.9674796747967481,0.9230769230769231,1.0,1.0,0.9710131332082552,3,3,0,True,0.30 internal + 0.25 RS3-style + 0.25 specificity + 0.20 conservation,171,3.0,1.0,3.0
CTGCTGCTGGCTGCTGCTGG,mcr1,92.8,82.0,100.0,100.0,0.9674796747967481,0.9230769230769231,1.0,1.0,0.9710131332082552,3,3,0,True,0.30 internal + 0.25 RS3-style + 0.25 specificity + 0.20 conservation,104,3.0,1.0,3.0
TCGCCGGTGCTGCTGGTCAG,mcr1,92.8,82.0,100.0,100.0,0.9674796747967481,0.9230769230769231,1.0,1.0,0.9710131332082552,3,3,0,True,0.30 internal + 0.25 RS3-style + 0.25 specificity + 0.20 conservation,220,3.0,1.0,3.0
GCCGCTGCATTGATGCTGAG,blaNDM1,92.8,82.0,100.0,100.0,0.9674796747967481,0.9230769230769231,1.0,1.0,0.9710131332082552,3,3,0,True,0.30 internal + 0.25 RS3-style + 0.25 specificity + 0.20 conservation,51,3.0,1.0,3.0
CCCGCTGCATTGATGCTGAG,blaNDM1,92.8,82.0,100.0,100.0,0.9674796747967481,0.9230769230769231,1.0,1.0,0.9710131332082552,3,3,0,True,0.30 internal + 0.25 RS3-style + 0.25 specificity + 0.20 conservation,77,3.0,1.0,3.0
ACGCCCAATGGTTCGGTATG,blaNDM1,92.8,82.0,100.0,100.0,0.9674796747967481,0.9230769230769231,1.0,1.0,0.9710131332082552,3,3,0,True,0.30 internal + 0.25 RS3-style + 0.25 specificity + 0.20 conservation,215,3.0,1.0,3.0
ACGCCCAATGGTTCGGTATG,blaNDM1,92.8,82.0,100.0,100.0,0.9674796747967481,0.9230769230769231,1.0,1.0,0.9710131332082552,3,3,0,True,0.30 internal + 0.25 RS3-style + 0.25 specificity + 0.20 conservation,302,3.0,1.0,3.0
CCATTGGGCGTTGGTCACGG,blaNDM1,92.8,82.0,100.0,100.0,0.9674796747967481,0.9230769230769231,1.0,1.0,0.9710131332082552,3,3,0,True,0.30 internal + 0.25 RS3-style + 0.25 specificity + 0.20 conservation,203,3.0,1.0,3.0
GATCGCCAGCATCAATGCAG,blaNDM1,92.8,82.0,100.0,100.0,0.9674796747967481,0.9230769230769231,1.0,1.0,0.9710131332082552,3,3,0,True,0.30 internal + 0.25 RS3-style + 0.25 specificity + 0.20 conservation,104,3.0,1.0,3.0
CCATTGGGCGTTGGTCACGG,blaNDM1,92.8,82.0,100.0,100.0,0.9674796747967481,0.9230769230769231,1.0,1.0,0.9710131332082552,3,3,0,True,0.30 internal + 0.25 RS3-style + 0.25 specificity + 0.20 conservation,290,3.0,1.0,3.0
CCCGCTCAGCATCAATGCAG,blaNDM1,92.8,82.0,100.0,100.0,0.9674796747967481,0.9230769230769231,1.0,1.0,0.9710131332082552,3,3,0,True,0.30 internal + 0.25 RS3-style + 0.25 specificity + 0.20 conservation,52,3.0,1.0,3.0
CATCAATGCAGCGGCTAATG,blaNDM1,92.8,82.0,100.0,100.0,0.9674796747967481,0.9230769230769231,1.0,1.0,0.9710131332082552,3,3,0,True,0.30 internal + 0.25 RS3-style + 0.25 specificity + 0.20 conservation,43,3.0,1.0,3.0
AACAAGGATGACAAGCACAG,blaKPC,92.8,82.0,100.0,100.0,0.9674796747967481,0.9230769230769231,1.0,1.0,0.9710131332082552,3,3,0,True,0.30 internal + 0.25 RS3-style + 0.25 specificity + 0.20 conservation,38,3.0,1.0,3.0
AGCAGCAGCAACAACGGCGG,blaKPC,92.8,82.0,100.0,100.0,0.9674796747967481,0.9230769230769231,1.0,1.0,0.9710131332082552,3,3,0,True,0.30 internal + 0.25 RS3-style + 0.25 specificity + 0.20 conservation,78,3.0,1.0,3.0
AGCAGCAGCAGCAACAACGG,blaKPC,92.8,82.0,100.0,100.0,0.9674796747967481,0.9230769230769231,1.0,1.0,0.9710131332082552,3,3,0,True,0.30 internal + 0.25 RS3-style + 0.25 specificity + 0.20 conservation,81,3.0,1.0,3.0
AGCGACGGAATAGTGTATGG,blaKPC,92.8,82.0,100.0,100.0,0.9674796747967481,0.9230769230769231,1.0,1.0,0.9710131332082552,3,3,0,True,0.30 internal + 0.25 RS3-style + 0.25 specificity + 0.20 conservation,205,3.0,1.0,3.0
AGCGACGGAATAGTGTATGG,blaKPC,92.8,82.0,100.0,100.0,0.9674796747967481,0.9230769230769231,1.0,1.0,0.9710131332082552,3,3,0,True,0.30 internal + 0.25 RS3-style + 0.25 specificity + 0.20 conservation,282,3.0,1.0,3.0
CGGCTCCATCGGTGTGTACG,blaKPC,92.8,82.0,100.0,100.0,0.9674796747967481,0.9230769230769231,1.0,1.0,0.9710131332082552,3,3,0,True,0.30 internal + 0.25 RS3-style + 0.25 specificity + 0.20 conservation,248,3.0,1.0,3.0
GCCTTACTGCCCGAAGGCGG,blaKPC,92.8,82.0,100.0,100.0,0.9674796747967481,0.9230769230769231,1.0,1.0,0.9710131332082552,3,3,0,True,0.30 internal + 0.25 RS3-style + 0.25 specificity + 0.20 conservation,174,3.0,1.0,3.0
CCCGCTCAGCATCAATGCAG,blaNDM1,92.8,82.0,100.0,100.0,0.9674796747967481,0.9230769230769231,1.0,1.0,0.9710131332082552,3,3,0,True,0.30 internal + 0.25 RS3-style + 0.25 specificity + 0.20 conservation,78,3.0,1.0,3.0
GGTGCTGCTGCTATCGGTGC,mecA,92.0,80.0,100.0,100.0,0.9349593495934961,0.8461538461538461,1.0,1.0,0.9420262664165104,23,23,0,True,0.30 internal + 0.25 RS3-style + 0.25 specificity + 0.20 conservation,212,25.0,1.0,23.0
ACGCCCGCATACCGAACCAT,blaNDM1,92.0,80.0,100.0,100.0,0.9349593495934961,0.8461538461538461,1.0,1.0,0.9420262664165104,23,23,0,True,0.30 internal + 0.25 RS3-style + 0.25 specificity + 0.20 conservation,306,25.0,1.0,23.0
CATACCGAACCATTGGGCGT,blaNDM1,92.0,80.0,100.0,100.0,0.9349593495934961,0.8461538461538461,1.0,1.0,0.9420262664165104,23,23,0,True,0.30 internal + 0.25 RS3-style + 0.25 specificity + 0.20 conservation,299,25.0,1.0,23.0
CATACCGAACCATTGGGCGT,blaNDM1,92.0,80.0,100.0,100.0,0.9349593495934961,0.8461538461538461,1.0,1.0,0.9420262664165104,23,23,0,True,0.30 internal + 0.25 RS3-style + 0.25 specificity + 0.20 conservation,212,25.0,1.0,23.0
CGCGACCGGGTGCATAATAT,blaNDM1,92.0,80.0,100.0,100.0,0.9349593495934961,0.8461538461538461,1.0,1.0,0.9420262664165104,23,23,0,True,0.30 internal + 0.25 RS3-style + 0.25 specificity + 0.20 conservation,10,25.0,1.0,23.0
GGTGCTGCTGCTATCGGTGC,mecA,92.0,80.0,100.0,100.0,0.9349593495934961,0.8461538461538461,1.0,1.0,0.9420262664165104,23,23,0,True,0.30 internal + 0.25 RS3-style + 0.25 specificity + 0.20 conservation,191,25.0,1.0,23.0
ACTGAACGTCCGATAAAGGT,mecA,92.0,80.0,100.0,100.0,0.9349593495934961,0.8461538461538461,1.0,1.0,0.9420262664165104,23,23,0,True,0.30 internal + 0.25 RS3-style + 0.25 specificity + 0.20 conservation,56,25.0,1.0,23.0
GGTGCTGCTGCTATCGGTGC,mecA,92.0,80.0,100.0,100.0,0.9349593495934961,0.8461538461538461,1.0,1.0,0.9420262664165104,23,23,0,True,0.30 internal + 0.25 RS3-style + 0.25 specificity + 0.20 conservation,149,25.0,1.0,23.0
TGCTGGTATCGCCGTGCTGG,mcr1,92.0,80.0,100.0,100.0,0.9349593495934961,0.8461538461538461,1.0,1.0,0.9420262664165104,23,23,0,True,0.30 internal + 0.25 RS3-style + 0.25 specificity + 0.20 conservation,258,25.0,1.0,23.0
CGGTGCTGGTATCGCCGTGC,mcr1,92.0,80.0,100.0,100.0,0.9349593495934961,0.8461538461538461,1.0,1.0,0.9420262664165104,23,23,0,True,0.30 internal + 0.25 RS3-style + 0.25 specificity + 0.20 conservation,255,25.0,1.0,23.0
GGCTGTGCCGTGTTCGGTGC,mcr1,92.0,80.0,100.0,100.0,0.9349593495934961,0.8461538461538461,1.0,1.0,0.9420262664165104,23,23,0,True,0.30 internal + 0.25 RS3-style + 0.25 specificity + 0.20 conservation,241,25.0,1.0,23.0
GGTGCTATCGCCGGTGCTGC,mcr1,92.0,80.0,100.0,100.0,0.9349593495934961,0.8461538461538461,1.0,1.0,0.9420262664165104,23,23,0,True,0.30 internal + 0.25 RS3-style + 0.25 specificity + 0.20 conservation,213,25.0,1.0,23.0
GGTGCTATCGCCGGTGCTGC,mcr1,92.0,80.0,100.0,100.0,0.9349593495934961,0.8461538461538461,1.0,1.0,0.9420262664165104,23,23,0,True,0.30 internal + 0.25 RS3-style + 0.25 specificity + 0.20 conservation,192,25.0,1.0,23.0
GGTGCTATCGCCGGTGCTGC,mcr1,92.0,80.0,100.0,100.0,0.9349593495934961,0.8461538461538461,1.0,1.0,0.9420262664165104,23,23,0,True,0.30 internal + 0.25 RS3-style + 0.25 specificity + 0.20 conservation,171,25.0,1.0,23.0
CTGGTTATCGCCGGTGCTGC,mcr1,92.0,80.0,100.0,100.0,0.9349593495934961,0.8461538461538461,1.0,1.0,0.9420262664165104,23,23,0,True,0.30 internal + 0.25 RS3-style + 0.25 specificity + 0.20 conservation,150,25.0,1.0,23.0
GGTGCTGCTGCTATCGGTGC,mecA,92.0,80.0,100.0,100.0,0.9349593495934961,0.8461538461538461,1.0,1.0,0.9420262664165104,23,23,0,True,0.30 internal + 0.25 RS3-style + 0.25 specificity + 0.20 conservation,170,25.0,1.0,23.0
GCTGCTGCTGGCTATGCTGC,mcr1,92.0,80.0,100.0,100.0,0.9349593495934961,0.8461538461538461,1.0,1.0,0.9420262664165104,23,23,0,True,0.30 internal + 0.25 RS3-style + 0.25 specificity + 0.20 conservation,131,25.0,1.0,23.0
GGTGCTGCTGCTGCTGCTGC,mcr1,92.0,80.0,100.0,100.0,0.9349593495934961,0.8461538461538461,1.0,1.0,0.9420262664165104,23,23,0,True,0.30 internal + 0.25 RS3-style + 0.25 specificity + 0.20 conservation,91,25.0,1.0,23.0
GGTGCCGTTGCTGCTGCTGC,mcr1,92.0,80.0,100.0,100.0,0.9349593495934961,0.8461538461538461,1.0,1.0,0.9420262664165104,23,23,0,True,0.30 internal + 0.25 RS3-style + 0.25 specificity + 0.20 conservation,52,25.0,1.0,23.0
GCCGTTCTTCTGGTACTGGA,mcr1,92.0,80.0,100.0,100.0,0.9349593495934961,0.8461538461538461,1.0,1.0,0.9420262664165104,23,23,0,True,0.30 internal + 0.25 RS3-style + 0.25 specificity + 0.20 conservation,31,25.0,1.0,23.0
CGACGCCGTTCTTCTGGTAC,mcr1,92.0,80.0,100.0,100.0,0.9349593495934961,0.8461538461538461,1.0,1.0,0.9420262664165104,23,23,0,True,0.30 internal + 0.25 RS3-style + 0.25 specificity + 0.20 conservation,27,25.0,1.0,23.0
CCGCCGTGACCAACGCCCAA,blaNDM1,92.0,80.0,100.0,100.0,0.9349593495934961,0.8461538461538461,1.0,1.0,0.9420262664165104,23,23,0,True,0.30 internal + 0.25 RS3-style + 0.25 specificity + 0.20 conservation,290,25.0,1.0,23.0
AACGCTGCTGCTATCGGTGC,mecA,92.0,80.0,100.0,100.0,0.9349593495934961,0.8461538461538461,1.0,1.0,0.9420262664165104,23,23,0,True,0.30 internal + 0.25 RS3-style + 0.25 specificity + 0.20 conservation,107,25.0,1.0,23.0
GGTGCTGCTGCTATCGGTGC,mecA,92.0,80.0,100.0,100.0,0.9349593495934961,0.8461538461538461,1.0,1.0,0.9420262664165104,23,23,0,True,0.30 internal + 0.25 RS3-style + 0.25 specificity + 0.20 conservation,128,25.0,1.0,23.0
CTGCTGCTGCTGGCTGCTGC,mcr1,92.0,80.0,100.0,100.0,0.9349593495934961,0.8461538461538461,1.0,1.0,0.9420262664165104,23,23,0,True,0.30 internal + 0.25 RS3-style + 0.25 specificity + 0.20 conservation,101,25.0,1.0,23.0
GGTATGCGGGCGTGGCGATC,blaNDM1,92.0,80.0,100.0,100.0,0.9349593495934961,0.8461538461538461,1.0,1.0,0.9420262664165104,23,23,0,True,0.30 internal + 0.25 RS3-style + 0.25 specificity + 0.20 conservation,229,25.0,1.0,23.0
ACGCCCGCATACCGAACCAT,blaNDM1,92.0,80.0,100.0,100.0,0.9349593495934961,0.8461538461538461,1.0,1.0,0.9420262664165104,23,23,0,True,0.30 internal + 0.25 RS3-style + 0.25 specificity + 0.20 conservation,219,25.0,1.0,23.0
CTGCATTGATGCTGGCGATC,blaNDM1,92.0,80.0,100.0,100.0,0.9349593495934961,0.8461538461538461,1.0,1.0,0.9420262664165104,23,23,0,True,0.30 internal + 0.25 RS3-style + 0.25 specificity + 0.20 conservation,107,25.0,1.0,23.0
CTGCTGCTGGCTGTTGCTGC,blaKPC,92.0,80.0,100.0,100.0,0.9349593495934961,0.8461538461538461,1.0,1.0,0.9420262664165104,23,23,0,True,0.30 internal + 0.25 RS3-style + 0.25 specificity + 0.20 conservation,96,25.0,1.0,23.0
GCCGTTGTTGCTGCTGCTGC,blaKPC,92.0,80.0,100.0,100.0,0.9349593495934961,0.8461538461538461,1.0,1.0,0.9420262664165104,23,23,0,True,0.30 internal + 0.25 RS3-style + 0.25 specificity + 0.20 conservation,83,25.0,1.0,23.0
TTGTCATCCTTGTTAGGCGG,blaKPC,92.0,80.0,100.0,100.0,0.9349593495934961,0.8461538461538461,1.0,1.0,0.9420262664165104,23,23,0,True,0.30 internal + 0.25 RS3-style + 0.25 specificity + 0.20 conservation,47,25.0,1.0,23.0
TGCTTGTCATCCTTGTTAGG,blaKPC,92.0,80.0,100.0,100.0,0.9349593495934961,0.8461538461538461,1.0,1.0,0.9420262664165104,23,23,0,True,0.30 internal + 0.25 RS3-style + 0.25 specificity + 0.20 conservation,44,25.0,1.0,23.0
GATGCTGGTGCTATCGGTGC,mecA,92.0,80.0,100.0,100.0,0.9349593495934961,0.8461538461538461,1.0,1.0,0.9420262664165104,23,23,0,True,0.30 internal + 0.25 RS3-style + 0.25 specificity + 0.20 conservation,293,25.0,1.0,23.0
CCGCCGTGACCAACGCCCAA,blaNDM1,92.0,80.0,100.0,100.0,0.9349593495934961,0.8461538461538461,1.0,1.0,0.9420262664165104,23,23,0,True,0.30 internal + 0.25 RS3-style + 0.25 specificity + 0.20 conservation,203,25.0,1.0,23.0
GGTGCTGCTGCTATCGGTGC,mecA,92.0,80.0,100.0,100.0,0.9349593495934961,0.8461538461538461,1.0,1.0,0.9420262664165104,23,23,0,True,0.30 internal + 0.25 RS3-style + 0.25 specificity + 0.20 conservation,254,25.0,1.0,23.0
GGTGCCCGCTGCATTGATGC,blaNDM1,92.0,80.0,100.0,100.0,0.9349593495934961,0.8461538461538461,1.0,1.0,0.9420262664165104,23,23,0,True,0.30 internal + 0.25 RS3-style + 0.25 specificity + 0.20 conservation,99,25.0,1.0,23.0
GGTGCTGCTGCTATCGGTGC,mecA,92.0,80.0,100.0,100.0,0.9349593495934961,0.8461538461538461,1.0,1.0,0.9420262664165104,23,23,0,True,0.30 internal + 0.25 RS3-style + 0.25 specificity + 0.20 conservation,233,25.0,1.0,23.0
GCTGCTGCTGTTGCTGATGC,mecA,92.0,80.0,100.0,100.0,0.9349593495934961,0.8461538461538461,1.0,1.0,0.9420262664165104,23,23,0,True,0.30 internal + 0.25 RS3-style + 0.25 specificity + 0.20 conservation,278,25.0,1.0,23.0
GGTGCTGGTGCTGCTGCTAT,mecA,91.2,78.0,100.0,100.0,0.9024390243902443,0.7692307692307693,1.0,1.0,0.9130393996247657,61,61,0,True,0.30 internal + 0.25 RS3-style + 0.25 specificity + 0.20 conservation,248,66.0,1.0,61.0
GTTGCTGATGCTGGTGCTAT,mecA,91.2,78.0,100.0,100.0,0.9024390243902443,0.7692307692307693,1.0,1.0,0.9130393996247657,61,61,0,True,0.30 internal + 0.25 RS3-style + 0.25 specificity + 0.20 conservation,287,66.0,1.0,61.0
GATAACGCCGCCGCCTAACA,blaKPC,91.2,78.0,100.0,100.0,0.9024390243902443,0.7692307692307693,1.0,1.0,0.9130393996247657,61,61,0,True,0.30 internal + 0.25 RS3-style + 0.25 specificity + 0.20 conservation,54,66.0,1.0,61.0
GCCAGCAGCAGCAGCAACAA,blaKPC,91.2,78.0,100.0,100.0,0.9024390243902443,0.7692307692307693,1.0,1.0,0.9130393996247657,61,61,0,True,0.30 internal + 0.25 RS3-style + 0.25 specificity + 0.20 conservation,84,66.0,1.0,61.0
GGCGATAACGCCGCCGCCTT,blaKPC,91.2,78.0,100.0,100.0,0.9024390243902443,0.7692307692307693,1.0,1.0,0.9130393996247657,61,61,0,True,0.30 internal + 0.25 RS3-style + 0.25 specificity + 0.20 conservation,184,66.0,1.0,61.0
TGTTGCTGCTGGCTGGCTGC,blaKPC,91.2,78.0,100.0,100.0,0.9024390243902443,0.7692307692307693,1.0,1.0,0.9130393996247657,61,61,0,True,0.30 internal + 0.25 RS3-style + 0.25 specificity + 0.20 conservation,107,66.0,1.0,61.0
TGCTGGCTGTTGCTGCTGGC,blaKPC,91.2,78.0,100.0,100.0,0.9024390243902443,0.7692307692307693,1.0,1.0,0.9130393996247657,61,61,0,True,0.30 internal + 0.25 RS3-style + 0.25 specificity + 0.20 conservation,100,66.0,1.0,61.0
CAGCCACTGACCAGCAGCAC,mcr1,91.2,78.0,100.0,100.0,0.9024390243902443,0.7692307692307693,1.0,1.0,0.9130393996247657,61,61,0,True,0.30 internal + 0.25 RS3-style + 0.25 specificity + 0.20 conservation,223,66.0,1.0,61.0
TGGTACCGACGCCGTTCTTC,mcr1,91.2,78.0,100.0,100.0,0.9024390243902443,0.7692307692307693,1.0,1.0,0.9130393996247657,61,61,0,True,0.30 internal + 0.25 RS3-style + 0.25 specificity + 0.20 conservation,21,66.0,1.0,61.0
GCTATGCTGCTGGTTATCGC,mcr1,91.2,78.0,100.0,100.0,0.9024390243902443,0.7692307692307693,1.0,1.0,0.9130393996247657,61,61,0,True,0.30 internal + 0.25 RS3-style + 0.25 specificity + 0.20 conservation,141,66.0,1.0,61.0
GGTGCTGGTGCTGCTGCTAT,mecA,91.2,78.0,100.0,100.0,0.9024390243902443,0.7692307692307693,1.0,1.0,0.9130393996247657,61,61,0,True,0.30 internal + 0.25 RS3-style + 0.25 specificity + 0.20 conservation,227,66.0,1.0,61.0
GGTGCTGCTGGTGCTATCGC,mcr1,91.2,78.0,100.0,100.0,0.9024390243902443,0.7692307692307693,1.0,1.0,0.9130393996247657,61,61,0,True,0.30 internal + 0.25 RS3-style + 0.25 specificity + 0.20 conservation,183,66.0,1.0,61.0
GGTGCTGCTGGTGCTATCGC,mcr1,91.2,78.0,100.0,100.0,0.9024390243902443,0.7692307692307693,1.0,1.0,0.9130393996247657,61,61,0,True,0.30 internal + 0.25 RS3-style + 0.25 specificity + 0.20 conservation,204,66.0,1.0,61.0
GTCAGTGGCTGTGCCGTGTT,mcr1,91.2,78.0,100.0,100.0,0.9024390243902443,0.7692307692307693,1.0,1.0,0.9130393996247657,61,61,0,True,0.30 internal + 0.25 RS3-style + 0.25 specificity + 0.20 conservation,235,66.0,1.0,61.0
TCTGGTGGTGCTGGTGGTGC,mcr1,91.2,78.0,100.0,100.0,0.9024390243902443,0.7692307692307693,1.0,1.0,0.9130393996247657,61,61,0,True,0.30 internal + 0.25 RS3-style + 0.25 specificity + 0.20 conservation,285,66.0,1.0,61.0
CACCAGATAAACCGCCAGCA,mcr1,91.2,78.0,100.0,100.0,0.9024390243902443,0.7692307692307693,1.0,1.0,0.9130393996247657,61,61,0,True,0.30 internal + 0.25 RS3-style + 0.25 specificity + 0.20 conservation,269,66.0,1.0,61.0
GGCGATACCAGCACCGAACA,mcr1,91.2,78.0,100.0,100.0,0.9024390243902443,0.7692307692307693,1.0,1.0,0.9130393996247657,61,61,0,True,0.30 internal + 0.25 RS3-style + 0.25 specificity + 0.20 conservation,248,66.0,1.0,61.0
GGCGATAGCACCAGCAGCAC,mcr1,91.2,78.0,100.0,100.0,0.9024390243902443,0.7692307692307693,1.0,1.0,0.9130393996247657,61,61,0,True,0.30 internal + 0.25 RS3-style + 0.25 specificity + 0.20 conservation,202,66.0,1.0,61.0
GGTGCTGCTGGTGCTATCGC,mcr1,91.2,78.0,100.0,100.0,0.9024390243902443,0.7692307692307693,1.0,1.0,0.9130393996247657,61,61,0,True,0.30 internal + 0.25 RS3-style + 0.25 specificity + 0.20 conservation,162,66.0,1.0,61.0
ACCATCCAGTACCAGAAGAA,mcr1,91.2,78.0,100.0,100.0,0.9024390243902443,0.7692307692307693,1.0,1.0,0.9130393996247657,61,61,0,True,0.30 internal + 0.25 RS3-style + 0.25 specificity + 0.20 conservation,32,66.0,1.0,61.0
CAGTACCAGAAGAACGGCGT,mcr1,91.2,78.0,100.0,100.0,0.9024390243902443,0.7692307692307693,1.0,1.0,0.9130393996247657,61,61,0,True,0.30 internal + 0.25 RS3-style + 0.25 specificity + 0.20 conservation,26,66.0,1.0,61.0
GGCGATAGCACCAGCAGCAC,mcr1,91.2,78.0,100.0,100.0,0.9024390243902443,0.7692307692307693,1.0,1.0,0.9130393996247657,61,61,0,True,0.30 internal + 0.25 RS3-style + 0.25 specificity + 0.20 conservation,181,66.0,1.0,61.0
ATTGCCCAATATTATGCACC,blaNDM1,91.2,78.0,100.0,100.0,0.9024390243902443,0.7692307692307693,1.0,1.0,0.9130393996247657,61,61,0,True,0.30 internal + 0.25 RS3-style + 0.25 specificity + 0.20 conservation,5,66.0,1.0,61.0
CACTTCCTATCTCGACATGC,blaNDM1,91.2,78.0,100.0,100.0,0.9024390243902443,0.7692307692307693,1.0,1.0,0.9130393996247657,61,61,0,True,0.30 internal + 0.25 RS3-style + 0.25 specificity + 0.20 conservation,180,66.0,1.0,61.0
GTGACCAACGCCCAATGGTT,blaNDM1,91.2,78.0,100.0,100.0,0.9024390243902443,0.7692307692307693,1.0,1.0,0.9130393996247657,61,61,0,True,0.30 internal + 0.25 RS3-style + 0.25 specificity + 0.20 conservation,208,66.0,1.0,61.0
CACTTCCTATCTCGACATGC,blaNDM1,91.2,78.0,100.0,100.0,0.9024390243902443,0.7692307692307693,1.0,1.0,0.9130393996247657,61,61,0,True,0.30 internal + 0.25 RS3-style + 0.25 specificity + 0.20 conservation,267,66.0,1.0,61.0
GTGACCAACGCCCAATGGTT,blaNDM1,91.2,78.0,100.0,100.0,0.9024390243902443,0.7692307692307693,1.0,1.0,0.9130393996247657,61,61,0,True,0.30 internal + 0.25 RS3-style + 0.25 specificity + 0.20 conservation,295,66.0,1.0,61.0
GAACCATTGGGCGTTGGTCA,blaNDM1,91.2,78.0,100.0,100.0,0.9024390243902443,0.7692307692307693,1.0,1.0,0.9130393996247657,61,61,0,True,0.30 internal + 0.25 RS3-style + 0.25 specificity + 0.20 conservation,293,66.0,1.0,61.0
GGCGGCCGGCATGTCGAGAT,blaNDM1,91.2,78.0,100.0,100.0,0.9024390243902443,0.7692307692307693,1.0,1.0,0.9130393996247657,61,61,0,True,0.30 internal + 0.25 RS3-style + 0.25 specificity + 0.20 conservation,272,66.0,1.0,61.0
GAACCATTGGGCGTTGGTCA,blaNDM1,91.2,78.0,100.0,100.0,0.9024390243902443,0.7692307692307693,1.0,1.0,0.9130393996247657,61,61,0,True,0.30 internal + 0.25 RS3-style + 0.25 specificity + 0.20 conservation,206,66.0,1.0,61.0
GGCGGCCGGCATGTCGAGAT,blaNDM1,91.2,78.0,100.0,100.0,0.9024390243902443,0.7692307692307693,1.0,1.0,0.9130393996247657,61,61,0,True,0.30 internal + 0.25 RS3-style + 0.25 specificity + 0.20 conservation,185,66.0,1.0,61.0
GCGGTGCTCAGCTTCGCGAC,blaNDM1,91.2,78.0,100.0,100.0,0.9024390243902443,0.7692307692307693,1.0,1.0,0.9130393996247657,61,61,0,True,0.30 internal + 0.25 RS3-style + 0.25 specificity + 0.20 conservation,24,66.0,1.0,61.0
TGCTGCTATCGTTGCTGCTA,mecA,91.2,78.0,100.0,100.0,0.9024390243902443,0.7692307692307693,1.0,1.0,0.9130393996247657,61,61,0,True,0.30 internal + 0.25 RS3-style + 0.25 specificity + 0.20 conservation,82,66.0,1.0,61.0
ATGGTTAACGCTGCTGCTAT,mecA,91.2,78.0,100.0,100.0,0.9024390243902443,0.7692307692307693,1.0,1.0,0.9130393996247657,61,61,0,True,0.30 internal + 0.25 RS3-style + 0.25 specificity + 0.20 conservation,101,66.0,1.0,61.0
GGTGCTGGTGCTGCTGCTAT,mecA,91.2,78.0,100.0,100.0,0.9024390243902443,0.7692307692307693,1.0,1.0,0.9130393996247657,61,61,0,True,0.30 internal + 0.25 RS3-style + 0.25 specificity + 0.20 conservation,122,66.0,1.0,61.0
GGTGCTGGTGCTGCTGCTAT,mecA,91.2,78.0,100.0,100.0,0.9024390243902443,0.7692307692307693,1.0,1.0,0.9130393996247657,61,61,0,True,0.30 internal + 0.25 RS3-style + 0.25 specificity + 0.20 conservation,143,66.0,1.0,61.0
GGTGCTGGTGCTGCTGCTAT,mecA,91.2,78.0,100.0,100.0,0.9024390243902443,0.7692307692307693,1.0,1.0,0.9130393996247657,61,61,0,True,0.30 internal + 0.25 RS3-style + 0.25 specificity + 0.20 conservation,164,66.0,1.0,61.0
GGTGCTGGTGCTGCTGCTAT,mecA,91.2,78.0,100.0,100.0,0.9024390243902443,0.7692307692307693,1.0,1.0,0.9130393996247657,61,61,0,True,0.30 internal + 0.25 RS3-style + 0.25 specificity + 0.20 conservation,185,66.0,1.0,61.0
GGTGCTGGTGCTGCTGCTAT,mecA,91.2,78.0,100.0,100.0,0.9024390243902443,0.7692307692307693,1.0,1.0,0.9130393996247657,61,61,0,True,0.30 internal + 0.25 RS3-style + 0.25 specificity + 0.20 conservation,206,66.0,1.0,61.0
ATAACCAGCAGCAGCAGCAA,mcr1,91.2,78.0,100.0,100.0,0.9024390243902443,0.7692307692307693,1.0,1.0,0.9130393996247657,61,61,0,True,0.30 internal + 0.25 RS3-style + 0.25 specificity + 0.20 conservation,56,66.0,1.0,61.0
GGCGATAGCACCAGCAGCAC,mcr1,91.2,78.0,100.0,100.0,0.9024390243902443,0.7692307692307693,1.0,1.0,0.9130393996247657,61,61,0,True,0.30 internal + 0.25 RS3-style + 0.25 specificity + 0.20 conservation,160,66.0,1.0,61.0
TATGACTGAACGTCCGATAA,mecA,90.4,76.0,100.0,100.0,0.8699186991869923,0.6923076923076923,1.0,1.0,0.8840525328330207,102,102,0,True,0.30 internal + 0.25 RS3-style + 0.25 specificity + 0.20 conservation,52,109.0,1.0,102.0
GGTTTCGGTGCCGTGATCGG,mcr1,90.4,76.0,100.0,100.0,0.8699186991869923,0.6923076923076923,1.0,1.0,0.8840525328330207,102,102,0,True,0.30 internal + 0.25 RS3-style + 0.25 specificity + 0.20 conservation,306,109.0,1.0,102.0
TTCAGAGCCTTACTGCCCGA,blaKPC,90.4,76.0,100.0,100.0,0.8699186991869923,0.6923076923076923,1.0,1.0,0.8840525328330207,102,102,0,True,0.30 internal + 0.25 RS3-style + 0.25 specificity + 0.20 conservation,168,109.0,1.0,102.0
TTCCGTCGCTAAACTCGAAC,blaKPC,90.4,76.0,100.0,100.0,0.8699186991869923,0.6923076923076923,1.0,1.0,0.8840525328330207,102,102,0,True,0.30 internal + 0.25 RS3-style + 0.25 specificity + 0.20 conservation,218,109.0,1.0,102.0
TTCCGTCGCTAAACTCGAAC,blaKPC,90.4,76.0,100.0,100.0,0.8699186991869923,0.6923076923076923,1.0,1.0,0.8840525328330207,102,102,0,True,0.30 internal + 0.25 RS3-style + 0.25 specificity + 0.20 conservation,295,109.0,1.0,102.0
GGTTTATCTGGTGGTGCTGG,mcr1,90.4,76.0,100.0,100.0,0.8699186991869923,0.6923076923076923,1.0,1.0,0.8840525328330207,102,102,0,True,0.30 internal + 0.25 RS3-style + 0.25 specificity + 0.20 conservation,279,109.0,1.0,102.0
CGTGCTGGCGGTTTATCTGG,mcr1,90.4,76.0,100.0,100.0,0.8699186991869923,0.6923076923076923,1.0,1.0,0.8840525328330207,102,102,0,True,0.30 internal + 0.25 RS3-style + 0.25 specificity + 0.20 conservation,270,109.0,1.0,102.0
ATCGCCAGCATCAATGCAGC,blaNDM1,90.0,75.0,100.0,100.0,0.8536585365853661,0.6538461538461539,1.0,1.0,0.8695590994371483,109,109,0,True,0.30 internal + 0.25 RS3-style + 0.25 specificity + 0.20 conservation,103,117.0,1.0,109.0
CGCCCAATGGTTCGGTATGC,blaNDM1,90.0,75.0,100.0,100.0,0.8536585365853661,0.6538461538461539,1.0,1.0,0.8695590994371483,109,109,0,True,0.30 internal + 0.25 RS3-style + 0.25 specificity + 0.20 conservation,216,117.0,1.0,109.0
CGCCCGCATACCGAACCATT,blaNDM1,90.0,75.0,100.0,100.0,0.8536585365853661,0.6538461538461539,1.0,1.0,0.8695590994371483,109,109,0,True,0.30 internal + 0.25 RS3-style + 0.25 specificity + 0.20 conservation,218,117.0,1.0,109.0
CCGCTCAGCATCAATGCAGC,blaNDM1,90.0,75.0,100.0,100.0,0.8536585365853661,0.6538461538461539,1.0,1.0,0.8695590994371483,109,109,0,True,0.30 internal + 0.25 RS3-style + 0.25 specificity + 0.20 conservation,77,117.0,1.0,109.0
CCGCTGCATTGATGCTGAGC,blaNDM1,90.0,75.0,100.0,100.0,0.8536585365853661,0.6538461538461539,1.0,1.0,0.8695590994371483,109,109,0,True,0.30 internal + 0.25 RS3-style + 0.25 specificity + 0.20 conservation,78,117.0,1.0,109.0
CCGCTGCATTGATGCTGAGC,blaNDM1,90.0,75.0,100.0,100.0,0.8536585365853661,0.6538461538461539,1.0,1.0,0.8695590994371483,109,109,0,True,0.30 internal + 0.25 RS3-style + 0.25 specificity + 0.20 conservation,52,117.0,1.0,109.0
CGCCCGCATACCGAACCATT,blaNDM1,90.0,75.0,100.0,100.0,0.8536585365853661,0.6538461538461539,1.0,1.0,0.8695590994371483,109,109,0,True,0.30 internal + 0.25 RS3-style + 0.25 specificity + 0.20 conservation,305,117.0,1.0,109.0
CGCCCAATGGTTCGGTATGC,blaNDM1,90.0,75.0,100.0,100.0,0.8536585365853661,0.6538461538461539,1.0,1.0,0.8695590994371483,109,109,0,True,0.30 internal + 0.25 RS3-style + 0.25 specificity + 0.20 conservation,303,117.0,1.0,109.0
CGGTGCTCAGCTTCGCGACC,blaNDM1,90.0,75.0,100.0,100.0,0.8536585365853661,0.6538461538461539,1.0,1.0,0.8695590994371483,109,109,0,True,0.30 internal + 0.25 RS3-style + 0.25 specificity + 0.20 conservation,23,117.0,1.0,109.0
GCGACCGGGTGCATAATATT,blaNDM1,90.0,75.0,100.0,100.0,0.8536585365853661,0.6538461538461539,1.0,1.0,0.8695590994371483,109,109,0,True,0.30 internal + 0.25 RS3-style + 0.25 specificity + 0.20 conservation,9,117.0,1.0,109.0
GCGATAACGCCGCCGCCTTC,blaKPC,90.0,75.0,100.0,100.0,0.8536585365853661,0.6538461538461539,1.0,1.0,0.8695590994371483,109,109,0,True,0.30 internal + 0.25 RS3-style + 0.25 specificity + 0.20 conservation,183,117.0,1.0,109.0
GGCGGTTTATCTGGTGGTGC,mcr1,88.8,72.0,100.0,100.0,0.8048780487804879,0.5384615384615384,1.0,1.0,0.8260787992495309,120,120,0,True,0.30 internal + 0.25 RS3-style + 0.25 specificity + 0.20 conservation,276,130.0,1.0,120.0
GCTGGTTATGCGTTTGCTGC,mcr1,88.8,72.0,100.0,100.0,0.8048780487804879,0.5384615384615384,1.0,1.0,0.8260787992495309,120,120,0,True,0.30 internal + 0.25 RS3-style + 0.25 specificity + 0.20 conservation,70,130.0,1.0,120.0
CGCCGTGCTGGCGGTTTATC,mcr1,88.8,72.0,100.0,100.0,0.8048780487804879,0.5384615384615384,1.0,1.0,0.8260787992495309,120,120,0,True,0.30 internal + 0.25 RS3-style + 0.25 specificity + 0.20 conservation,267,130.0,1.0,120.0
AGCAAGACAGCAGAACTAGA,blaKPC,86.8,78.0,85.2,100.0,0.7235772357723578,0.7692307692307693,0.7658227848101267,1.0,0.8008365592419313,131,123,-8,True,0.30 internal + 0.25 RS3-style + 0.25 specificity + 0.20 conservation,14,66.0,136.0,131.0
GTCCTGTTCGAGTTTAGCGA,blaKPC,88.0,70.0,100.0,100.0,0.772357723577236,0.46153846153846156,1.0,1.0,0.7970919324577861,123,124,1,True,0.30 internal + 0.25 RS3-style + 0.25 specificity + 0.20 conservation,220,133.0,1.0,123.0
TTTAGCGACGGAATAGTGTA,blaKPC,88.0,70.0,100.0,100.0,0.772357723577236,0.46153846153846156,1.0,1.0,0.7970919324577861,123,124,1,True,0.30 internal + 0.25 RS3-style + 0.25 specificity + 0.20 conservation,208,133.0,1.0,123.0
GTCCTGTTCGAGTTTAGCGA,blaKPC,88.0,70.0,100.0,100.0,0.772357723577236,0.46153846153846156,1.0,1.0,0.7970919324577861,123,124,1,True,0.30 internal + 0.25 RS3-style + 0.25 specificity + 0.20 conservation,297,133.0,1.0,123.0
TTTAGCGACGGAATAGTGTA,blaKPC,88.0,70.0,100.0,100.0,0.772357723577236,0.46153846153846156,1.0,1.0,0.7970919324577861,123,124,1,True,0.30 internal + 0.25 RS3-style + 0.25 specificity + 0.20 conservation,285,133.0,1.0,123.0
GCAGCAATGCCAACCTTTAT,mecA,88.0,70.0,100.0,100.0,0.772357723577236,0.46153846153846156,1.0,1.0,0.7970919324577861,123,124,1,True,0.30 internal + 0.25 RS3-style + 0.25 specificity + 0.20 conservation,65,133.0,1.0,123.0
GGTGCTGGTGGTGCTGGTTT,mcr1,88.0,70.0,100.0,100.0,0.772357723577236,0.46153846153846156,1.0,1.0,0.7970919324577861,123,124,1,True,0.30 internal + 0.25 RS3-style + 0.25 specificity + 0.20 conservation,291,133.0,1.0,123.0
GCTGGTTTCGGTGCCGTGAT,mcr1,88.0,70.0,100.0,100.0,0.772357723577236,0.46153846153846156,1.0,1.0,0.7970919324577861,123,124,1,True,0.30 internal + 0.25 RS3-style + 0.25 specificity + 0.20 conservation,303,133.0,1.0,123.0
GGTGCCGTGATCGGTGGTGC,mcr1,86.9,80.0,100.0,83.1,0.7276422764227646,0.8461538461538461,1.0,0.22831050228310495,0.7254932449219119,130,131,1,True,0.30 internal + 0.25 RS3-style + 0.25 specificity + 0.20 conservation,312,25.0,1.0,130.0
CTCCATCGGTGTGTACGCGG,blaKPC,82.9,82.0,67.0,100.0,0.5650406504065044,0.9230769230769231,0.47784810126582283,1.0,0.7197434512076377,137,132,-5,True,0.30 internal + 0.25 RS3-style + 0.25 specificity + 0.20 conservation,251,3.0,137.0,137.0
CGTGGCGATCTGGTTTTCGA,blaNDM1,84.0,60.0,100.0,100.0,0.6097560975609757,0.07692307692307693,1.0,1.0,0.652157598499062,132,133,1,True,0.30 internal + 0.25 RS3-style + 0.25 specificity + 0.20 conservation,239,142.0,1.0,132.0
TTTCGATCTGGTTTTCGATC,blaNDM1,83.2,58.0,100.0,100.0,0.5772357723577238,0.0,1.0,1.0,0.6231707317073172,134,134,0,True,0.30 internal + 0.25 RS3-style + 0.25 specificity + 0.20 conservation,131,143.0,1.0,134.0
TGGCGATCTGGTTTTCGATC,blaNDM1,83.2,58.0,100.0,100.0,0.5772357723577238,0.0,1.0,1.0,0.6231707317073172,134,134,0,True,0.30 internal + 0.25 RS3-style + 0.25 specificity + 0.20 conservation,119,143.0,1.0,134.0
TTTCGATCTGGTTTTCGATC,blaNDM1,83.2,58.0,100.0,100.0,0.5772357723577238,0.0,1.0,1.0,0.6231707317073172,134,134,0,True,0.30 internal + 0.25 RS3-style + 0.25 specificity + 0.20 conservation,143,143.0,1.0,134.0
TTAACCAGCACCACCGATCA,mcr1,83.8,76.0,100.0,78.1,0.6016260162601627,0.6923076923076923,1.0,0.0,0.6035647279549718,133,137,4,True,0.30 internal + 0.25 RS3-style + 0.25 specificity + 0.20 conservation,316,109.0,1.0,133.0
TGATGCAGCATACTTCTGTG,mcr1,73.8,82.0,36.8,100.0,0.19512195121951212,0.9230769230769231,0.0,1.0,0.48930581613508445,138,138,0,True,0.30 internal + 0.25 RS3-style + 0.25 specificity + 0.20 conservation,1,3.0,138.0,138.0
GCTAAACTCGAACAGGACTT,blaKPC,73.0,80.0,36.8,100.0,0.1626016260162602,0.8461538461538461,0.0,1.0,0.4603189493433396,139,139,0,True,0.30 internal + 0.25 RS3-style + 0.25 specificity + 0.20 conservation,302,25.0,138.0,139.0
GCTAAACTCGAACAGGACTT,blaKPC,73.0,80.0,36.8,100.0,0.1626016260162602,0.8461538461538461,0.0,1.0,0.4603189493433396,139,139,0,True,0.30 internal + 0.25 RS3-style + 0.25 specificity + 0.20 conservation,225,25.0,138.0,139.0
CTGTGCTTGTCATCCTTGTT,blaKPC,72.2,78.0,36.8,100.0,0.13008130081300828,0.7692307692307693,0.0,1.0,0.43133208255159483,141,141,0,True,0.30 internal + 0.25 RS3-style + 0.25 specificity + 0.20 conservation,41,66.0,138.0,141.0
AAACTCGAACAGGACTTTGG,blaKPC,70.6,74.0,36.8,100.0,0.06504065040650385,0.6153846153846154,0.0,1.0,0.37335834896810505,142,142,0,True,0.30 internal + 0.25 RS3-style + 0.25 specificity + 0.20 conservation,228,128.0,138.0,142.0
AAACTCGAACAGGACTTTGG,blaKPC,70.6,74.0,36.8,100.0,0.06504065040650385,0.6153846153846154,0.0,1.0,0.37335834896810505,142,142,0,True,0.30 internal + 0.25 RS3-style + 0.25 specificity + 0.20 conservation,305,128.0,138.0,142.0
CAGGACTTTGGCGGCTCCAT,blaKPC,69.0,70.0,36.8,100.0,0.0,0.46153846153846156,0.0,1.0,0.3153846153846154,144,144,0,True,0.30 internal + 0.25 RS3-style + 0.25 specificity + 0.20 conservation,237,133.0,138.0,144.0
CAGGACTTTGGCGGCTCCAT,blaKPC,69.0,70.0,36.8,100.0,0.0,0.46153846153846156,0.0,1.0,0.3153846153846154,144,144,0,True,0.30 internal + 0.25 RS3-style + 0.25 specificity + 0.20 conservation,314,133.0,138.0,144.0
