gene,position,guide,RS3_score,CFD_score,conservation,final_score,rank_RS3,rank_CFD,rank_final,norm_final_score,norm_conservation,norm_CFD_score,external_strain_aware_score,internal_rank,external_strain_aware_rank,rank_shift_external_minus_internal
blaNDM1,221,AATGGTTCGGTATGCGGGCG,84.0,100.0,100.0,93.6,1.0,1.0,1.0,1.0,1.0,1.0,0.9999999999999999,1,1,0
blaNDM1,308,AATGGTTCGGTATGCGGGCG,84.0,100.0,100.0,93.6,1.0,1.0,1.0,1.0,1.0,1.0,0.9999999999999999,1,1,0
blaNDM1,78,CCCGCTCAGCATCAATGCAG,82.0,100.0,100.0,92.8,3.0,1.0,3.0,0.9674796747967481,1.0,1.0,0.9772357723577237,3,3,0
blaKPC,248,CGGCTCCATCGGTGTGTACG,82.0,100.0,100.0,92.8,3.0,1.0,3.0,0.9674796747967481,1.0,1.0,0.9772357723577237,3,3,0
blaKPC,282,AGCGACGGAATAGTGTATGG,82.0,100.0,100.0,92.8,3.0,1.0,3.0,0.9674796747967481,1.0,1.0,0.9772357723577237,3,3,0
blaKPC,205,AGCGACGGAATAGTGTATGG,82.0,100.0,100.0,92.8,3.0,1.0,3.0,0.9674796747967481,1.0,1.0,0.9772357723577237,3,3,0
blaKPC,81,AGCAGCAGCAGCAACAACGG,82.0,100.0,100.0,92.8,3.0,1.0,3.0,0.9674796747967481,1.0,1.0,0.9772357723577237,3,3,0
blaKPC,78,AGCAGCAGCAACAACGGCGG,82.0,100.0,100.0,92.8,3.0,1.0,3.0,0.9674796747967481,1.0,1.0,0.9772357723577237,3,3,0
blaKPC,38,AACAAGGATGACAAGCACAG,82.0,100.0,100.0,92.8,3.0,1.0,3.0,0.9674796747967481,1.0,1.0,0.9772357723577237,3,3,0
blaNDM1,43,CATCAATGCAGCGGCTAATG,82.0,100.0,100.0,92.8,3.0,1.0,3.0,0.9674796747967481,1.0,1.0,0.9772357723577237,3,3,0
blaNDM1,52,CCCGCTCAGCATCAATGCAG,82.0,100.0,100.0,92.8,3.0,1.0,3.0,0.9674796747967481,1.0,1.0,0.9772357723577237,3,3,0
blaKPC,174,GCCTTACTGCCCGAAGGCGG,82.0,100.0,100.0,92.8,3.0,1.0,3.0,0.9674796747967481,1.0,1.0,0.9772357723577237,3,3,0
blaNDM1,104,GATCGCCAGCATCAATGCAG,82.0,100.0,100.0,92.8,3.0,1.0,3.0,0.9674796747967481,1.0,1.0,0.9772357723577237,3,3,0
blaNDM1,203,CCATTGGGCGTTGGTCACGG,82.0,100.0,100.0,92.8,3.0,1.0,3.0,0.9674796747967481,1.0,1.0,0.9772357723577237,3,3,0
blaNDM1,302,ACGCCCAATGGTTCGGTATG,82.0,100.0,100.0,92.8,3.0,1.0,3.0,0.9674796747967481,1.0,1.0,0.9772357723577237,3,3,0
blaNDM1,215,ACGCCCAATGGTTCGGTATG,82.0,100.0,100.0,92.8,3.0,1.0,3.0,0.9674796747967481,1.0,1.0,0.9772357723577237,3,3,0
blaNDM1,77,CCCGCTGCATTGATGCTGAG,82.0,100.0,100.0,92.8,3.0,1.0,3.0,0.9674796747967481,1.0,1.0,0.9772357723577237,3,3,0
blaNDM1,51,GCCGCTGCATTGATGCTGAG,82.0,100.0,100.0,92.8,3.0,1.0,3.0,0.9674796747967481,1.0,1.0,0.9772357723577237,3,3,0
mcr1,220,TCGCCGGTGCTGCTGGTCAG,82.0,100.0,100.0,92.8,3.0,1.0,3.0,0.9674796747967481,1.0,1.0,0.9772357723577237,3,3,0
mcr1,104,CTGCTGCTGGCTGCTGCTGG,82.0,100.0,100.0,92.8,3.0,1.0,3.0,0.9674796747967481,1.0,1.0,0.9772357723577237,3,3,0
blaKPC,171,AGAGCCTTACTGCCCGAAGG,82.0,100.0,100.0,92.8,3.0,1.0,3.0,0.9674796747967481,1.0,1.0,0.9772357723577237,3,3,0
blaNDM1,290,CCATTGGGCGTTGGTCACGG,82.0,100.0,100.0,92.8,3.0,1.0,3.0,0.9674796747967481,1.0,1.0,0.9772357723577237,3,3,0
blaNDM1,219,ACGCCCGCATACCGAACCAT,80.0,100.0,100.0,92.0,25.0,1.0,23.0,0.9349593495934961,1.0,1.0,0.9544715447154472,23,23,0
blaNDM1,229,GGTATGCGGGCGTGGCGATC,80.0,100.0,100.0,92.0,25.0,1.0,23.0,0.9349593495934961,1.0,1.0,0.9544715447154472,23,23,0
blaNDM1,290,CCGCCGTGACCAACGCCCAA,80.0,100.0,100.0,92.0,25.0,1.0,23.0,0.9349593495934961,1.0,1.0,0.9544715447154472,23,23,0
mecA,128,GGTGCTGCTGCTATCGGTGC,80.0,100.0,100.0,92.0,25.0,1.0,23.0,0.9349593495934961,1.0,1.0,0.9544715447154472,23,23,0
mecA,107,AACGCTGCTGCTATCGGTGC,80.0,100.0,100.0,92.0,25.0,1.0,23.0,0.9349593495934961,1.0,1.0,0.9544715447154472,23,23,0
blaNDM1,107,CTGCATTGATGCTGGCGATC,80.0,100.0,100.0,92.0,25.0,1.0,23.0,0.9349593495934961,1.0,1.0,0.9544715447154472,23,23,0
mcr1,101,CTGCTGCTGCTGGCTGCTGC,80.0,100.0,100.0,92.0,25.0,1.0,23.0,0.9349593495934961,1.0,1.0,0.9544715447154472,23,23,0
blaKPC,96,CTGCTGCTGGCTGTTGCTGC,80.0,100.0,100.0,92.0,25.0,1.0,23.0,0.9349593495934961,1.0,1.0,0.9544715447154472,23,23,0
blaNDM1,203,CCGCCGTGACCAACGCCCAA,80.0,100.0,100.0,92.0,25.0,1.0,23.0,0.9349593495934961,1.0,1.0,0.9544715447154472,23,23,0
blaKPC,47,TTGTCATCCTTGTTAGGCGG,80.0,100.0,100.0,92.0,25.0,1.0,23.0,0.9349593495934961,1.0,1.0,0.9544715447154472,23,23,0
blaKPC,44,TGCTTGTCATCCTTGTTAGG,80.0,100.0,100.0,92.0,25.0,1.0,23.0,0.9349593495934961,1.0,1.0,0.9544715447154472,23,23,0
mecA,293,GATGCTGGTGCTATCGGTGC,80.0,100.0,100.0,92.0,25.0,1.0,23.0,0.9349593495934961,1.0,1.0,0.9544715447154472,23,23,0
mecA,254,GGTGCTGCTGCTATCGGTGC,80.0,100.0,100.0,92.0,25.0,1.0,23.0,0.9349593495934961,1.0,1.0,0.9544715447154472,23,23,0
blaNDM1,99,GGTGCCCGCTGCATTGATGC,80.0,100.0,100.0,92.0,25.0,1.0,23.0,0.9349593495934961,1.0,1.0,0.9544715447154472,23,23,0
mecA,233,GGTGCTGCTGCTATCGGTGC,80.0,100.0,100.0,92.0,25.0,1.0,23.0,0.9349593495934961,1.0,1.0,0.9544715447154472,23,23,0
mecA,278,GCTGCTGCTGTTGCTGATGC,80.0,100.0,100.0,92.0,25.0,1.0,23.0,0.9349593495934961,1.0,1.0,0.9544715447154472,23,23,0
mcr1,27,CGACGCCGTTCTTCTGGTAC,80.0,100.0,100.0,92.0,25.0,1.0,23.0,0.9349593495934961,1.0,1.0,0.9544715447154472,23,23,0
blaKPC,83,GCCGTTGTTGCTGCTGCTGC,80.0,100.0,100.0,92.0,25.0,1.0,23.0,0.9349593495934961,1.0,1.0,0.9544715447154472,23,23,0
mcr1,31,GCCGTTCTTCTGGTACTGGA,80.0,100.0,100.0,92.0,25.0,1.0,23.0,0.9349593495934961,1.0,1.0,0.9544715447154472,23,23,0
mcr1,91,GGTGCTGCTGCTGCTGCTGC,80.0,100.0,100.0,92.0,25.0,1.0,23.0,0.9349593495934961,1.0,1.0,0.9544715447154472,23,23,0
blaNDM1,10,CGCGACCGGGTGCATAATAT,80.0,100.0,100.0,92.0,25.0,1.0,23.0,0.9349593495934961,1.0,1.0,0.9544715447154472,23,23,0
mcr1,52,GGTGCCGTTGCTGCTGCTGC,80.0,100.0,100.0,92.0,25.0,1.0,23.0,0.9349593495934961,1.0,1.0,0.9544715447154472,23,23,0
mecA,212,GGTGCTGCTGCTATCGGTGC,80.0,100.0,100.0,92.0,25.0,1.0,23.0,0.9349593495934961,1.0,1.0,0.9544715447154472,23,23,0
blaNDM1,306,ACGCCCGCATACCGAACCAT,80.0,100.0,100.0,92.0,25.0,1.0,23.0,0.9349593495934961,1.0,1.0,0.9544715447154472,23,23,0
blaNDM1,299,CATACCGAACCATTGGGCGT,80.0,100.0,100.0,92.0,25.0,1.0,23.0,0.9349593495934961,1.0,1.0,0.9544715447154472,23,23,0
blaNDM1,212,CATACCGAACCATTGGGCGT,80.0,100.0,100.0,92.0,25.0,1.0,23.0,0.9349593495934961,1.0,1.0,0.9544715447154472,23,23,0
mecA,191,GGTGCTGCTGCTATCGGTGC,80.0,100.0,100.0,92.0,25.0,1.0,23.0,0.9349593495934961,1.0,1.0,0.9544715447154472,23,23,0
mecA,56,ACTGAACGTCCGATAAAGGT,80.0,100.0,100.0,92.0,25.0,1.0,23.0,0.9349593495934961,1.0,1.0,0.9544715447154472,23,23,0
mcr1,258,TGCTGGTATCGCCGTGCTGG,80.0,100.0,100.0,92.0,25.0,1.0,23.0,0.9349593495934961,1.0,1.0,0.9544715447154472,23,23,0
mecA,149,GGTGCTGCTGCTATCGGTGC,80.0,100.0,100.0,92.0,25.0,1.0,23.0,0.9349593495934961,1.0,1.0,0.9544715447154472,23,23,0
mcr1,241,GGCTGTGCCGTGTTCGGTGC,80.0,100.0,100.0,92.0,25.0,1.0,23.0,0.9349593495934961,1.0,1.0,0.9544715447154472,23,23,0
mcr1,213,GGTGCTATCGCCGGTGCTGC,80.0,100.0,100.0,92.0,25.0,1.0,23.0,0.9349593495934961,1.0,1.0,0.9544715447154472,23,23,0
mcr1,192,GGTGCTATCGCCGGTGCTGC,80.0,100.0,100.0,92.0,25.0,1.0,23.0,0.9349593495934961,1.0,1.0,0.9544715447154472,23,23,0
mcr1,171,GGTGCTATCGCCGGTGCTGC,80.0,100.0,100.0,92.0,25.0,1.0,23.0,0.9349593495934961,1.0,1.0,0.9544715447154472,23,23,0
mcr1,150,CTGGTTATCGCCGGTGCTGC,80.0,100.0,100.0,92.0,25.0,1.0,23.0,0.9349593495934961,1.0,1.0,0.9544715447154472,23,23,0
mecA,170,GGTGCTGCTGCTATCGGTGC,80.0,100.0,100.0,92.0,25.0,1.0,23.0,0.9349593495934961,1.0,1.0,0.9544715447154472,23,23,0
mcr1,131,GCTGCTGCTGGCTATGCTGC,80.0,100.0,100.0,92.0,25.0,1.0,23.0,0.9349593495934961,1.0,1.0,0.9544715447154472,23,23,0
mcr1,255,CGGTGCTGGTATCGCCGTGC,80.0,100.0,100.0,92.0,25.0,1.0,23.0,0.9349593495934961,1.0,1.0,0.9544715447154472,23,23,0
blaNDM1,293,GAACCATTGGGCGTTGGTCA,78.0,100.0,100.0,91.2,66.0,1.0,61.0,0.9024390243902443,1.0,1.0,0.931707317073171,61,61,0
blaNDM1,272,GGCGGCCGGCATGTCGAGAT,78.0,100.0,100.0,91.2,66.0,1.0,61.0,0.9024390243902443,1.0,1.0,0.931707317073171,61,61,0
blaNDM1,295,GTGACCAACGCCCAATGGTT,78.0,100.0,100.0,91.2,66.0,1.0,61.0,0.9024390243902443,1.0,1.0,0.931707317073171,61,61,0
blaNDM1,5,ATTGCCCAATATTATGCACC,78.0,100.0,100.0,91.2,66.0,1.0,61.0,0.9024390243902443,1.0,1.0,0.931707317073171,61,61,0
blaNDM1,208,GTGACCAACGCCCAATGGTT,78.0,100.0,100.0,91.2,66.0,1.0,61.0,0.9024390243902443,1.0,1.0,0.931707317073171,61,61,0
blaNDM1,180,CACTTCCTATCTCGACATGC,78.0,100.0,100.0,91.2,66.0,1.0,61.0,0.9024390243902443,1.0,1.0,0.931707317073171,61,61,0
blaNDM1,206,GAACCATTGGGCGTTGGTCA,78.0,100.0,100.0,91.2,66.0,1.0,61.0,0.9024390243902443,1.0,1.0,0.931707317073171,61,61,0
blaNDM1,267,CACTTCCTATCTCGACATGC,78.0,100.0,100.0,91.2,66.0,1.0,61.0,0.9024390243902443,1.0,1.0,0.931707317073171,61,61,0
blaNDM1,185,GGCGGCCGGCATGTCGAGAT,78.0,100.0,100.0,91.2,66.0,1.0,61.0,0.9024390243902443,1.0,1.0,0.931707317073171,61,61,0
mcr1,160,GGCGATAGCACCAGCAGCAC,78.0,100.0,100.0,91.2,66.0,1.0,61.0,0.9024390243902443,1.0,1.0,0.931707317073171,61,61,0
mecA,82,TGCTGCTATCGTTGCTGCTA,78.0,100.0,100.0,91.2,66.0,1.0,61.0,0.9024390243902443,1.0,1.0,0.931707317073171,61,61,0
mecA,101,ATGGTTAACGCTGCTGCTAT,78.0,100.0,100.0,91.2,66.0,1.0,61.0,0.9024390243902443,1.0,1.0,0.931707317073171,61,61,0
mecA,122,GGTGCTGGTGCTGCTGCTAT,78.0,100.0,100.0,91.2,66.0,1.0,61.0,0.9024390243902443,1.0,1.0,0.931707317073171,61,61,0
mecA,143,GGTGCTGGTGCTGCTGCTAT,78.0,100.0,100.0,91.2,66.0,1.0,61.0,0.9024390243902443,1.0,1.0,0.931707317073171,61,61,0
mecA,164,GGTGCTGGTGCTGCTGCTAT,78.0,100.0,100.0,91.2,66.0,1.0,61.0,0.9024390243902443,1.0,1.0,0.931707317073171,61,61,0
mecA,185,GGTGCTGGTGCTGCTGCTAT,78.0,100.0,100.0,91.2,66.0,1.0,61.0,0.9024390243902443,1.0,1.0,0.931707317073171,61,61,0
mecA,206,GGTGCTGGTGCTGCTGCTAT,78.0,100.0,100.0,91.2,66.0,1.0,61.0,0.9024390243902443,1.0,1.0,0.931707317073171,61,61,0
mcr1,56,ATAACCAGCAGCAGCAGCAA,78.0,100.0,100.0,91.2,66.0,1.0,61.0,0.9024390243902443,1.0,1.0,0.931707317073171,61,61,0
blaNDM1,24,GCGGTGCTCAGCTTCGCGAC,78.0,100.0,100.0,91.2,66.0,1.0,61.0,0.9024390243902443,1.0,1.0,0.931707317073171,61,61,0
mcr1,181,GGCGATAGCACCAGCAGCAC,78.0,100.0,100.0,91.2,66.0,1.0,61.0,0.9024390243902443,1.0,1.0,0.931707317073171,61,61,0
mcr1,204,GGTGCTGCTGGTGCTATCGC,78.0,100.0,100.0,91.2,66.0,1.0,61.0,0.9024390243902443,1.0,1.0,0.931707317073171,61,61,0
mcr1,32,ACCATCCAGTACCAGAAGAA,78.0,100.0,100.0,91.2,66.0,1.0,61.0,0.9024390243902443,1.0,1.0,0.931707317073171,61,61,0
mecA,248,GGTGCTGGTGCTGCTGCTAT,78.0,100.0,100.0,91.2,66.0,1.0,61.0,0.9024390243902443,1.0,1.0,0.931707317073171,61,61,0
mecA,287,GTTGCTGATGCTGGTGCTAT,78.0,100.0,100.0,91.2,66.0,1.0,61.0,0.9024390243902443,1.0,1.0,0.931707317073171,61,61,0
blaKPC,54,GATAACGCCGCCGCCTAACA,78.0,100.0,100.0,91.2,66.0,1.0,61.0,0.9024390243902443,1.0,1.0,0.931707317073171,61,61,0
blaKPC,84,GCCAGCAGCAGCAGCAACAA,78.0,100.0,100.0,91.2,66.0,1.0,61.0,0.9024390243902443,1.0,1.0,0.931707317073171,61,61,0
blaKPC,107,TGTTGCTGCTGGCTGGCTGC,78.0,100.0,100.0,91.2,66.0,1.0,61.0,0.9024390243902443,1.0,1.0,0.931707317073171,61,61,0
blaKPC,100,TGCTGGCTGTTGCTGCTGGC,78.0,100.0,100.0,91.2,66.0,1.0,61.0,0.9024390243902443,1.0,1.0,0.931707317073171,61,61,0
mcr1,223,CAGCCACTGACCAGCAGCAC,78.0,100.0,100.0,91.2,66.0,1.0,61.0,0.9024390243902443,1.0,1.0,0.931707317073171,61,61,0
mcr1,21,TGGTACCGACGCCGTTCTTC,78.0,100.0,100.0,91.2,66.0,1.0,61.0,0.9024390243902443,1.0,1.0,0.931707317073171,61,61,0
mcr1,141,GCTATGCTGCTGGTTATCGC,78.0,100.0,100.0,91.2,66.0,1.0,61.0,0.9024390243902443,1.0,1.0,0.931707317073171,61,61,0
blaKPC,184,GGCGATAACGCCGCCGCCTT,78.0,100.0,100.0,91.2,66.0,1.0,61.0,0.9024390243902443,1.0,1.0,0.931707317073171,61,61,0
mcr1,183,GGTGCTGCTGGTGCTATCGC,78.0,100.0,100.0,91.2,66.0,1.0,61.0,0.9024390243902443,1.0,1.0,0.931707317073171,61,61,0
mecA,227,GGTGCTGGTGCTGCTGCTAT,78.0,100.0,100.0,91.2,66.0,1.0,61.0,0.9024390243902443,1.0,1.0,0.931707317073171,61,61,0
mcr1,162,GGTGCTGCTGGTGCTATCGC,78.0,100.0,100.0,91.2,66.0,1.0,61.0,0.9024390243902443,1.0,1.0,0.931707317073171,61,61,0
mcr1,202,GGCGATAGCACCAGCAGCAC,78.0,100.0,100.0,91.2,66.0,1.0,61.0,0.9024390243902443,1.0,1.0,0.931707317073171,61,61,0
mcr1,248,GGCGATACCAGCACCGAACA,78.0,100.0,100.0,91.2,66.0,1.0,61.0,0.9024390243902443,1.0,1.0,0.931707317073171,61,61,0
mcr1,26,CAGTACCAGAAGAACGGCGT,78.0,100.0,100.0,91.2,66.0,1.0,61.0,0.9024390243902443,1.0,1.0,0.931707317073171,61,61,0
mcr1,285,TCTGGTGGTGCTGGTGGTGC,78.0,100.0,100.0,91.2,66.0,1.0,61.0,0.9024390243902443,1.0,1.0,0.931707317073171,61,61,0
mcr1,235,GTCAGTGGCTGTGCCGTGTT,78.0,100.0,100.0,91.2,66.0,1.0,61.0,0.9024390243902443,1.0,1.0,0.931707317073171,61,61,0
mcr1,269,CACCAGATAAACCGCCAGCA,78.0,100.0,100.0,91.2,66.0,1.0,61.0,0.9024390243902443,1.0,1.0,0.931707317073171,61,61,0
mecA,52,TATGACTGAACGTCCGATAA,76.0,100.0,100.0,90.4,109.0,1.0,102.0,0.8699186991869923,1.0,1.0,0.9089430894308946,102,102,0
blaKPC,168,TTCAGAGCCTTACTGCCCGA,76.0,100.0,100.0,90.4,109.0,1.0,102.0,0.8699186991869923,1.0,1.0,0.9089430894308946,102,102,0
blaKPC,218,TTCCGTCGCTAAACTCGAAC,76.0,100.0,100.0,90.4,109.0,1.0,102.0,0.8699186991869923,1.0,1.0,0.9089430894308946,102,102,0
blaKPC,295,TTCCGTCGCTAAACTCGAAC,76.0,100.0,100.0,90.4,109.0,1.0,102.0,0.8699186991869923,1.0,1.0,0.9089430894308946,102,102,0
mcr1,279,GGTTTATCTGGTGGTGCTGG,76.0,100.0,100.0,90.4,109.0,1.0,102.0,0.8699186991869923,1.0,1.0,0.9089430894308946,102,102,0
mcr1,270,CGTGCTGGCGGTTTATCTGG,76.0,100.0,100.0,90.4,109.0,1.0,102.0,0.8699186991869923,1.0,1.0,0.9089430894308946,102,102,0
mcr1,306,GGTTTCGGTGCCGTGATCGG,76.0,100.0,100.0,90.4,109.0,1.0,102.0,0.8699186991869923,1.0,1.0,0.9089430894308946,102,102,0
blaNDM1,305,CGCCCGCATACCGAACCATT,75.0,100.0,100.0,90.0,117.0,1.0,109.0,0.8536585365853661,1.0,1.0,0.8975609756097561,109,109,0
blaKPC,183,GCGATAACGCCGCCGCCTTC,75.0,100.0,100.0,90.0,117.0,1.0,109.0,0.8536585365853661,1.0,1.0,0.8975609756097561,109,109,0
blaNDM1,9,GCGACCGGGTGCATAATATT,75.0,100.0,100.0,90.0,117.0,1.0,109.0,0.8536585365853661,1.0,1.0,0.8975609756097561,109,109,0
blaNDM1,23,CGGTGCTCAGCTTCGCGACC,75.0,100.0,100.0,90.0,117.0,1.0,109.0,0.8536585365853661,1.0,1.0,0.8975609756097561,109,109,0
blaNDM1,303,CGCCCAATGGTTCGGTATGC,75.0,100.0,100.0,90.0,117.0,1.0,109.0,0.8536585365853661,1.0,1.0,0.8975609756097561,109,109,0
blaNDM1,78,CCGCTGCATTGATGCTGAGC,75.0,100.0,100.0,90.0,117.0,1.0,109.0,0.8536585365853661,1.0,1.0,0.8975609756097561,109,109,0
blaNDM1,77,CCGCTCAGCATCAATGCAGC,75.0,100.0,100.0,90.0,117.0,1.0,109.0,0.8536585365853661,1.0,1.0,0.8975609756097561,109,109,0
blaNDM1,218,CGCCCGCATACCGAACCATT,75.0,100.0,100.0,90.0,117.0,1.0,109.0,0.8536585365853661,1.0,1.0,0.8975609756097561,109,109,0
blaNDM1,216,CGCCCAATGGTTCGGTATGC,75.0,100.0,100.0,90.0,117.0,1.0,109.0,0.8536585365853661,1.0,1.0,0.8975609756097561,109,109,0
blaNDM1,103,ATCGCCAGCATCAATGCAGC,75.0,100.0,100.0,90.0,117.0,1.0,109.0,0.8536585365853661,1.0,1.0,0.8975609756097561,109,109,0
blaNDM1,52,CCGCTGCATTGATGCTGAGC,75.0,100.0,100.0,90.0,117.0,1.0,109.0,0.8536585365853661,1.0,1.0,0.8975609756097561,109,109,0
mcr1,276,GGCGGTTTATCTGGTGGTGC,72.0,100.0,100.0,88.8,130.0,1.0,120.0,0.8048780487804879,1.0,1.0,0.8634146341463415,120,120,0
mcr1,70,GCTGGTTATGCGTTTGCTGC,72.0,100.0,100.0,88.8,130.0,1.0,120.0,0.8048780487804879,1.0,1.0,0.8634146341463415,120,120,0
mcr1,267,CGCCGTGCTGGCGGTTTATC,72.0,100.0,100.0,88.8,130.0,1.0,120.0,0.8048780487804879,1.0,1.0,0.8634146341463415,120,120,0
mcr1,303,GCTGGTTTCGGTGCCGTGAT,70.0,100.0,100.0,88.0,133.0,1.0,123.0,0.772357723577236,1.0,1.0,0.8406504065040651,123,123,0
mcr1,291,GGTGCTGGTGGTGCTGGTTT,70.0,100.0,100.0,88.0,133.0,1.0,123.0,0.772357723577236,1.0,1.0,0.8406504065040651,123,123,0
mecA,65,GCAGCAATGCCAACCTTTAT,70.0,100.0,100.0,88.0,133.0,1.0,123.0,0.772357723577236,1.0,1.0,0.8406504065040651,123,123,0
blaKPC,208,TTTAGCGACGGAATAGTGTA,70.0,100.0,100.0,88.0,133.0,1.0,123.0,0.772357723577236,1.0,1.0,0.8406504065040651,123,123,0
blaKPC,297,GTCCTGTTCGAGTTTAGCGA,70.0,100.0,100.0,88.0,133.0,1.0,123.0,0.772357723577236,1.0,1.0,0.8406504065040651,123,123,0
blaKPC,220,GTCCTGTTCGAGTTTAGCGA,70.0,100.0,100.0,88.0,133.0,1.0,123.0,0.772357723577236,1.0,1.0,0.8406504065040651,123,123,0
blaKPC,285,TTTAGCGACGGAATAGTGTA,70.0,100.0,100.0,88.0,133.0,1.0,123.0,0.772357723577236,1.0,1.0,0.8406504065040651,123,123,0
blaKPC,14,AGCAAGACAGCAGAACTAGA,78.0,85.2,100.0,86.8,66.0,136.0,131.0,0.7235772357723578,1.0,0.7658227848101267,0.7830863435216631,131,130,-1
blaNDM1,239,CGTGGCGATCTGGTTTTCGA,60.0,100.0,100.0,84.0,142.0,1.0,132.0,0.6097560975609757,1.0,1.0,0.726829268292683,132,131,-1
blaNDM1,119,TGGCGATCTGGTTTTCGATC,58.0,100.0,100.0,83.2,143.0,1.0,134.0,0.5772357723577238,1.0,1.0,0.7040650406504066,134,132,-2
blaNDM1,143,TTTCGATCTGGTTTTCGATC,58.0,100.0,100.0,83.2,143.0,1.0,134.0,0.5772357723577238,1.0,1.0,0.7040650406504066,134,132,-2
blaNDM1,131,TTTCGATCTGGTTTTCGATC,58.0,100.0,100.0,83.2,143.0,1.0,134.0,0.5772357723577238,1.0,1.0,0.7040650406504066,134,132,-2
mcr1,312,GGTGCCGTGATCGGTGGTGC,80.0,100.0,83.1,86.9,25.0,1.0,130.0,0.7276422764227646,0.22831050228310495,1.0,0.6550116939525562,130,135,5
blaKPC,251,CTCCATCGGTGTGTACGCGG,82.0,67.0,100.0,82.9,3.0,137.0,137.0,0.5650406504065044,1.0,0.47784810126582283,0.6433132654111353,137,136,-1
mcr1,316,TTAACCAGCACCACCGATCA,76.0,100.0,78.1,83.8,109.0,1.0,133.0,0.6016260162601627,0.0,1.0,0.5211382113821138,133,137,4
mcr1,1,TGATGCAGCATACTTCTGTG,82.0,36.8,100.0,73.8,3.0,138.0,138.0,0.19512195121951212,1.0,0.0,0.3365853658536585,138,138,0
blaKPC,302,GCTAAACTCGAACAGGACTT,80.0,36.8,100.0,73.0,25.0,138.0,139.0,0.1626016260162602,1.0,0.0,0.31382113821138213,139,139,0
blaKPC,225,GCTAAACTCGAACAGGACTT,80.0,36.8,100.0,73.0,25.0,138.0,139.0,0.1626016260162602,1.0,0.0,0.31382113821138213,139,139,0
blaKPC,41,CTGTGCTTGTCATCCTTGTT,78.0,36.8,100.0,72.2,66.0,138.0,141.0,0.13008130081300828,1.0,0.0,0.2910569105691058,141,141,0
blaKPC,228,AAACTCGAACAGGACTTTGG,74.0,36.8,100.0,70.6,128.0,138.0,142.0,0.06504065040650385,1.0,0.0,0.2455284552845527,142,142,0
blaKPC,305,AAACTCGAACAGGACTTTGG,74.0,36.8,100.0,70.6,128.0,138.0,142.0,0.06504065040650385,1.0,0.0,0.2455284552845527,142,142,0
blaKPC,237,CAGGACTTTGGCGGCTCCAT,70.0,36.8,100.0,69.0,133.0,138.0,144.0,0.0,1.0,0.0,0.2,144,144,0
blaKPC,314,CAGGACTTTGGCGGCTCCAT,70.0,36.8,100.0,69.0,133.0,138.0,144.0,0.0,1.0,0.0,0.2,144,144,0
