accession,genome_file,config_file,raw_output_file,guide_count,pattern,mismatches
GCA_000013465.1,/Users/sanghati/Documents/crispr-mdr-resensitization/data_cas_offinder/expanded_panel/genomes/GCA_000013465.1_genomic.fna,/Users/sanghati/Documents/crispr-mdr-resensitization/data_cas_offinder/expanded_panel/configs/GCA_000013465.1_casoffinder_config.txt,/Users/sanghati/Documents/crispr-mdr-resensitization/results_cas_offinder/expanded_panel/raw/GCA_000013465.1_expanded_offtargets.txt,20,NNNNNNNNNNNNNNNNNNNNNGG,4
GCF_000364385.3,/Users/sanghati/Documents/crispr-mdr-resensitization/data_cas_offinder/expanded_panel/genomes/GCF_000364385.3_genomic.fna,/Users/sanghati/Documents/crispr-mdr-resensitization/data_cas_offinder/expanded_panel/configs/GCF_000364385.3_casoffinder_config.txt,/Users/sanghati/Documents/crispr-mdr-resensitization/results_cas_offinder/expanded_panel/raw/GCF_000364385.3_expanded_offtargets.txt,20,NNNNNNNNNNNNNNNNNNNNNGG,4
GCF_000418345.1,/Users/sanghati/Documents/crispr-mdr-resensitization/data_cas_offinder/expanded_panel/genomes/GCF_000418345.1_genomic.fna,/Users/sanghati/Documents/crispr-mdr-resensitization/data_cas_offinder/expanded_panel/configs/GCF_000418345.1_casoffinder_config.txt,/Users/sanghati/Documents/crispr-mdr-resensitization/results_cas_offinder/expanded_panel/raw/GCF_000418345.1_expanded_offtargets.txt,20,NNNNNNNNNNNNNNNNNNNNNGG,4
GCF_000597845.1,/Users/sanghati/Documents/crispr-mdr-resensitization/data_cas_offinder/expanded_panel/genomes/GCF_000597845.1_genomic.fna,/Users/sanghati/Documents/crispr-mdr-resensitization/data_cas_offinder/expanded_panel/configs/GCF_000597845.1_casoffinder_config.txt,/Users/sanghati/Documents/crispr-mdr-resensitization/results_cas_offinder/expanded_panel/raw/GCF_000597845.1_expanded_offtargets.txt,20,NNNNNNNNNNNNNNNNNNNNNGG,4
GCF_000597965.1,/Users/sanghati/Documents/crispr-mdr-resensitization/data_cas_offinder/expanded_panel/genomes/GCF_000597965.1_genomic.fna,/Users/sanghati/Documents/crispr-mdr-resensitization/data_cas_offinder/expanded_panel/configs/GCF_000597965.1_casoffinder_config.txt,/Users/sanghati/Documents/crispr-mdr-resensitization/results_cas_offinder/expanded_panel/raw/GCF_000597965.1_expanded_offtargets.txt,20,NNNNNNNNNNNNNNNNNNNNNGG,4
GCF_000599625.1,/Users/sanghati/Documents/crispr-mdr-resensitization/data_cas_offinder/expanded_panel/genomes/GCF_000599625.1_genomic.fna,/Users/sanghati/Documents/crispr-mdr-resensitization/data_cas_offinder/expanded_panel/configs/GCF_000599625.1_casoffinder_config.txt,/Users/sanghati/Documents/crispr-mdr-resensitization/results_cas_offinder/expanded_panel/raw/GCF_000599625.1_expanded_offtargets.txt,20,NNNNNNNNNNNNNNNNNNNNNGG,4
GCF_000599645.1,/Users/sanghati/Documents/crispr-mdr-resensitization/data_cas_offinder/expanded_panel/genomes/GCF_000599645.1_genomic.fna,/Users/sanghati/Documents/crispr-mdr-resensitization/data_cas_offinder/expanded_panel/configs/GCF_000599645.1_casoffinder_config.txt,/Users/sanghati/Documents/crispr-mdr-resensitization/results_cas_offinder/expanded_panel/raw/GCF_000599645.1_expanded_offtargets.txt,20,NNNNNNNNNNNNNNNNNNNNNGG,4
GCF_000599665.1,/Users/sanghati/Documents/crispr-mdr-resensitization/data_cas_offinder/expanded_panel/genomes/GCF_000599665.1_genomic.fna,/Users/sanghati/Documents/crispr-mdr-resensitization/data_cas_offinder/expanded_panel/configs/GCF_000599665.1_casoffinder_config.txt,/Users/sanghati/Documents/crispr-mdr-resensitization/results_cas_offinder/expanded_panel/raw/GCF_000599665.1_expanded_offtargets.txt,20,NNNNNNNNNNNNNNNNNNNNNGG,4
GCF_000599685.1,/Users/sanghati/Documents/crispr-mdr-resensitization/data_cas_offinder/expanded_panel/genomes/GCF_000599685.1_genomic.fna,/Users/sanghati/Documents/crispr-mdr-resensitization/data_cas_offinder/expanded_panel/configs/GCF_000599685.1_casoffinder_config.txt,/Users/sanghati/Documents/crispr-mdr-resensitization/results_cas_offinder/expanded_panel/raw/GCF_000599685.1_expanded_offtargets.txt,20,NNNNNNNNNNNNNNNNNNNNNGG,4
GCF_000599705.1,/Users/sanghati/Documents/crispr-mdr-resensitization/data_cas_offinder/expanded_panel/genomes/GCF_000599705.1_genomic.fna,/Users/sanghati/Documents/crispr-mdr-resensitization/data_cas_offinder/expanded_panel/configs/GCF_000599705.1_casoffinder_config.txt,/Users/sanghati/Documents/crispr-mdr-resensitization/results_cas_offinder/expanded_panel/raw/GCF_000599705.1_expanded_offtargets.txt,20,NNNNNNNNNNNNNNNNNNNNNGG,4
GCF_000626615.2,/Users/sanghati/Documents/crispr-mdr-resensitization/data_cas_offinder/expanded_panel/genomes/GCF_000626615.2_genomic.fna,/Users/sanghati/Documents/crispr-mdr-resensitization/data_cas_offinder/expanded_panel/configs/GCF_000626615.2_casoffinder_config.txt,/Users/sanghati/Documents/crispr-mdr-resensitization/results_cas_offinder/expanded_panel/raw/GCF_000626615.2_expanded_offtargets.txt,20,NNNNNNNNNNNNNNNNNNNNNGG,4
GCF_000695215.1,/Users/sanghati/Documents/crispr-mdr-resensitization/data_cas_offinder/expanded_panel/genomes/GCF_000695215.1_genomic.fna,/Users/sanghati/Documents/crispr-mdr-resensitization/data_cas_offinder/expanded_panel/configs/GCF_000695215.1_casoffinder_config.txt,/Users/sanghati/Documents/crispr-mdr-resensitization/results_cas_offinder/expanded_panel/raw/GCF_000695215.1_expanded_offtargets.txt,20,NNNNNNNNNNNNNNNNNNNNNGG,4
GCF_000695875.1,/Users/sanghati/Documents/crispr-mdr-resensitization/data_cas_offinder/expanded_panel/genomes/GCF_000695875.1_genomic.fna,/Users/sanghati/Documents/crispr-mdr-resensitization/data_cas_offinder/expanded_panel/configs/GCF_000695875.1_casoffinder_config.txt,/Users/sanghati/Documents/crispr-mdr-resensitization/results_cas_offinder/expanded_panel/raw/GCF_000695875.1_expanded_offtargets.txt,20,NNNNNNNNNNNNNNNNNNNNNGG,4
GCF_000709475.1,/Users/sanghati/Documents/crispr-mdr-resensitization/data_cas_offinder/expanded_panel/genomes/GCF_000709475.1_genomic.fna,/Users/sanghati/Documents/crispr-mdr-resensitization/data_cas_offinder/expanded_panel/configs/GCF_000709475.1_casoffinder_config.txt,/Users/sanghati/Documents/crispr-mdr-resensitization/results_cas_offinder/expanded_panel/raw/GCF_000709475.1_expanded_offtargets.txt,20,NNNNNNNNNNNNNNNNNNNNNGG,4
GCF_000739495.1,/Users/sanghati/Documents/crispr-mdr-resensitization/data_cas_offinder/expanded_panel/genomes/GCF_000739495.1_genomic.fna,/Users/sanghati/Documents/crispr-mdr-resensitization/data_cas_offinder/expanded_panel/configs/GCF_000739495.1_casoffinder_config.txt,/Users/sanghati/Documents/crispr-mdr-resensitization/results_cas_offinder/expanded_panel/raw/GCF_000739495.1_expanded_offtargets.txt,20,NNNNNNNNNNNNNNNNNNNNNGG,4
GCF_000746505.1,/Users/sanghati/Documents/crispr-mdr-resensitization/data_cas_offinder/expanded_panel/genomes/GCF_000746505.1_genomic.fna,/Users/sanghati/Documents/crispr-mdr-resensitization/data_cas_offinder/expanded_panel/configs/GCF_000746505.1_casoffinder_config.txt,/Users/sanghati/Documents/crispr-mdr-resensitization/results_cas_offinder/expanded_panel/raw/GCF_000746505.1_expanded_offtargets.txt,20,NNNNNNNNNNNNNNNNNNNNNGG,4
GCF_000756205.1,/Users/sanghati/Documents/crispr-mdr-resensitization/data_cas_offinder/expanded_panel/genomes/GCF_000756205.1_genomic.fna,/Users/sanghati/Documents/crispr-mdr-resensitization/data_cas_offinder/expanded_panel/configs/GCF_000756205.1_casoffinder_config.txt,/Users/sanghati/Documents/crispr-mdr-resensitization/results_cas_offinder/expanded_panel/raw/GCF_000756205.1_expanded_offtargets.txt,20,NNNNNNNNNNNNNNNNNNNNNGG,4
GCF_000764615.1,/Users/sanghati/Documents/crispr-mdr-resensitization/data_cas_offinder/expanded_panel/genomes/GCF_000764615.1_genomic.fna,/Users/sanghati/Documents/crispr-mdr-resensitization/data_cas_offinder/expanded_panel/configs/GCF_000764615.1_casoffinder_config.txt,/Users/sanghati/Documents/crispr-mdr-resensitization/results_cas_offinder/expanded_panel/raw/GCF_000764615.1_expanded_offtargets.txt,20,NNNNNNNNNNNNNNNNNNNNNGG,4
GCF_000769575.1,/Users/sanghati/Documents/crispr-mdr-resensitization/data_cas_offinder/expanded_panel/genomes/GCF_000769575.1_genomic.fna,/Users/sanghati/Documents/crispr-mdr-resensitization/data_cas_offinder/expanded_panel/configs/GCF_000769575.1_casoffinder_config.txt,/Users/sanghati/Documents/crispr-mdr-resensitization/results_cas_offinder/expanded_panel/raw/GCF_000769575.1_expanded_offtargets.txt,20,NNNNNNNNNNNNNNNNNNNNNGG,4
GCF_000772025.1,/Users/sanghati/Documents/crispr-mdr-resensitization/data_cas_offinder/expanded_panel/genomes/GCF_000772025.1_genomic.fna,/Users/sanghati/Documents/crispr-mdr-resensitization/data_cas_offinder/expanded_panel/configs/GCF_000772025.1_casoffinder_config.txt,/Users/sanghati/Documents/crispr-mdr-resensitization/results_cas_offinder/expanded_panel/raw/GCF_000772025.1_expanded_offtargets.txt,20,NNNNNNNNNNNNNNNNNNNNNGG,4
GCF_000775955.1,/Users/sanghati/Documents/crispr-mdr-resensitization/data_cas_offinder/expanded_panel/genomes/GCF_000775955.1_genomic.fna,/Users/sanghati/Documents/crispr-mdr-resensitization/data_cas_offinder/expanded_panel/configs/GCF_000775955.1_casoffinder_config.txt,/Users/sanghati/Documents/crispr-mdr-resensitization/results_cas_offinder/expanded_panel/raw/GCF_000775955.1_expanded_offtargets.txt,20,NNNNNNNNNNNNNNNNNNNNNGG,4
GCF_000784925.1,/Users/sanghati/Documents/crispr-mdr-resensitization/data_cas_offinder/expanded_panel/genomes/GCF_000784925.1_genomic.fna,/Users/sanghati/Documents/crispr-mdr-resensitization/data_cas_offinder/expanded_panel/configs/GCF_000784925.1_casoffinder_config.txt,/Users/sanghati/Documents/crispr-mdr-resensitization/results_cas_offinder/expanded_panel/raw/GCF_000784925.1_expanded_offtargets.txt,20,NNNNNNNNNNNNNNNNNNNNNGG,4
GCF_000801165.1,/Users/sanghati/Documents/crispr-mdr-resensitization/data_cas_offinder/expanded_panel/genomes/GCF_000801165.1_genomic.fna,/Users/sanghati/Documents/crispr-mdr-resensitization/data_cas_offinder/expanded_panel/configs/GCF_000801165.1_casoffinder_config.txt,/Users/sanghati/Documents/crispr-mdr-resensitization/results_cas_offinder/expanded_panel/raw/GCF_000801165.1_expanded_offtargets.txt,20,NNNNNNNNNNNNNNNNNNNNNGG,4
GCF_000801185.2,/Users/sanghati/Documents/crispr-mdr-resensitization/data_cas_offinder/expanded_panel/genomes/GCF_000801185.2_genomic.fna,/Users/sanghati/Documents/crispr-mdr-resensitization/data_cas_offinder/expanded_panel/configs/GCF_000801185.2_casoffinder_config.txt,/Users/sanghati/Documents/crispr-mdr-resensitization/results_cas_offinder/expanded_panel/raw/GCF_000801185.2_expanded_offtargets.txt,20,NNNNNNNNNNNNNNNNNNNNNGG,4
GCF_000807395.2,/Users/sanghati/Documents/crispr-mdr-resensitization/data_cas_offinder/expanded_panel/genomes/GCF_000807395.2_genomic.fna,/Users/sanghati/Documents/crispr-mdr-resensitization/data_cas_offinder/expanded_panel/configs/GCF_000807395.2_casoffinder_config.txt,/Users/sanghati/Documents/crispr-mdr-resensitization/results_cas_offinder/expanded_panel/raw/GCF_000807395.2_expanded_offtargets.txt,20,NNNNNNNNNNNNNNNNNNNNNGG,4
GCF_000814145.2,/Users/sanghati/Documents/crispr-mdr-resensitization/data_cas_offinder/expanded_panel/genomes/GCF_000814145.2_genomic.fna,/Users/sanghati/Documents/crispr-mdr-resensitization/data_cas_offinder/expanded_panel/configs/GCF_000814145.2_casoffinder_config.txt,/Users/sanghati/Documents/crispr-mdr-resensitization/results_cas_offinder/expanded_panel/raw/GCF_000814145.2_expanded_offtargets.txt,20,NNNNNNNNNNNNNNNNNNNNNGG,4
GCF_000814305.1,/Users/sanghati/Documents/crispr-mdr-resensitization/data_cas_offinder/expanded_panel/genomes/GCF_000814305.1_genomic.fna,/Users/sanghati/Documents/crispr-mdr-resensitization/data_cas_offinder/expanded_panel/configs/GCF_000814305.1_casoffinder_config.txt,/Users/sanghati/Documents/crispr-mdr-resensitization/results_cas_offinder/expanded_panel/raw/GCF_000814305.1_expanded_offtargets.txt,20,NNNNNNNNNNNNNNNNNNNNNGG,4
GCF_000815045.1,/Users/sanghati/Documents/crispr-mdr-resensitization/data_cas_offinder/expanded_panel/genomes/GCF_000815045.1_genomic.fna,/Users/sanghati/Documents/crispr-mdr-resensitization/data_cas_offinder/expanded_panel/configs/GCF_000815045.1_casoffinder_config.txt,/Users/sanghati/Documents/crispr-mdr-resensitization/results_cas_offinder/expanded_panel/raw/GCF_000815045.1_expanded_offtargets.txt,20,NNNNNNNNNNNNNNNNNNNNNGG,4
GCF_000815085.1,/Users/sanghati/Documents/crispr-mdr-resensitization/data_cas_offinder/expanded_panel/genomes/GCF_000815085.1_genomic.fna,/Users/sanghati/Documents/crispr-mdr-resensitization/data_cas_offinder/expanded_panel/configs/GCF_000815085.1_casoffinder_config.txt,/Users/sanghati/Documents/crispr-mdr-resensitization/results_cas_offinder/expanded_panel/raw/GCF_000815085.1_expanded_offtargets.txt,20,NNNNNNNNNNNNNNNNNNNNNGG,4
GCF_000815125.1,/Users/sanghati/Documents/crispr-mdr-resensitization/data_cas_offinder/expanded_panel/genomes/GCF_000815125.1_genomic.fna,/Users/sanghati/Documents/crispr-mdr-resensitization/data_cas_offinder/expanded_panel/configs/GCF_000815125.1_casoffinder_config.txt,/Users/sanghati/Documents/crispr-mdr-resensitization/results_cas_offinder/expanded_panel/raw/GCF_000815125.1_expanded_offtargets.txt,20,NNNNNNNNNNNNNNNNNNNNNGG,4
GCF_000815165.1,/Users/sanghati/Documents/crispr-mdr-resensitization/data_cas_offinder/expanded_panel/genomes/GCF_000815165.1_genomic.fna,/Users/sanghati/Documents/crispr-mdr-resensitization/data_cas_offinder/expanded_panel/configs/GCF_000815165.1_casoffinder_config.txt,/Users/sanghati/Documents/crispr-mdr-resensitization/results_cas_offinder/expanded_panel/raw/GCF_000815165.1_expanded_offtargets.txt,20,NNNNNNNNNNNNNNNNNNNNNGG,4
GCF_000815205.1,/Users/sanghati/Documents/crispr-mdr-resensitization/data_cas_offinder/expanded_panel/genomes/GCF_000815205.1_genomic.fna,/Users/sanghati/Documents/crispr-mdr-resensitization/data_cas_offinder/expanded_panel/configs/GCF_000815205.1_casoffinder_config.txt,/Users/sanghati/Documents/crispr-mdr-resensitization/results_cas_offinder/expanded_panel/raw/GCF_000815205.1_expanded_offtargets.txt,20,NNNNNNNNNNNNNNNNNNNNNGG,4
GCF_000968155.1,/Users/sanghati/Documents/crispr-mdr-resensitization/data_cas_offinder/expanded_panel/genomes/GCF_000968155.1_genomic.fna,/Users/sanghati/Documents/crispr-mdr-resensitization/data_cas_offinder/expanded_panel/configs/GCF_000968155.1_casoffinder_config.txt,/Users/sanghati/Documents/crispr-mdr-resensitization/results_cas_offinder/expanded_panel/raw/GCF_000968155.1_expanded_offtargets.txt,20,NNNNNNNNNNNNNNNNNNNNNGG,4
GCF_001022035.1,/Users/sanghati/Documents/crispr-mdr-resensitization/data_cas_offinder/expanded_panel/genomes/GCF_001022035.1_genomic.fna,/Users/sanghati/Documents/crispr-mdr-resensitization/data_cas_offinder/expanded_panel/configs/GCF_001022035.1_casoffinder_config.txt,/Users/sanghati/Documents/crispr-mdr-resensitization/results_cas_offinder/expanded_panel/raw/GCF_001022035.1_expanded_offtargets.txt,20,NNNNNNNNNNNNNNNNNNNNNGG,4
GCF_001022175.1,/Users/sanghati/Documents/crispr-mdr-resensitization/data_cas_offinder/expanded_panel/genomes/GCF_001022175.1_genomic.fna,/Users/sanghati/Documents/crispr-mdr-resensitization/data_cas_offinder/expanded_panel/configs/GCF_001022175.1_casoffinder_config.txt,/Users/sanghati/Documents/crispr-mdr-resensitization/results_cas_offinder/expanded_panel/raw/GCF_001022175.1_expanded_offtargets.txt,20,NNNNNNNNNNNNNNNNNNNNNGG,4
GCF_001022235.1,/Users/sanghati/Documents/crispr-mdr-resensitization/data_cas_offinder/expanded_panel/genomes/GCF_001022235.1_genomic.fna,/Users/sanghati/Documents/crispr-mdr-resensitization/data_cas_offinder/expanded_panel/configs/GCF_001022235.1_casoffinder_config.txt,/Users/sanghati/Documents/crispr-mdr-resensitization/results_cas_offinder/expanded_panel/raw/GCF_001022235.1_expanded_offtargets.txt,20,NNNNNNNNNNNNNNNNNNNNNGG,4
