accession,genome_file,config_file,raw_output_file,guide_query_count_unique,sampled_guide_records,pattern,mismatches,genome_file_exists
GCA_000013465.1,/content/drive/MyDrive/crispr_mdr_fotr_journal_extension/github_repo/crispr-mdr-resensitization/data_cas_offinder/expanded_panel/genomes/GCA_000013465.1_genomic.fna,data_cas_offinder/null_baseline/configs/GCA_000013465.1_null_baseline_casoffinder_config.txt,results_cas_offinder/null_baseline/raw/GCA_000013465.1_null_baseline_offtargets.txt,17,20,NNNNNNNNNNNNNNNNNNNNNGG,4,True
GCF_000364385.3,/content/drive/MyDrive/crispr_mdr_fotr_journal_extension/github_repo/crispr-mdr-resensitization/data_cas_offinder/expanded_panel/genomes/GCF_000364385.3_genomic.fna,data_cas_offinder/null_baseline/configs/GCF_000364385.3_null_baseline_casoffinder_config.txt,results_cas_offinder/null_baseline/raw/GCF_000364385.3_null_baseline_offtargets.txt,17,20,NNNNNNNNNNNNNNNNNNNNNGG,4,True
GCF_000418345.1,/content/drive/MyDrive/crispr_mdr_fotr_journal_extension/github_repo/crispr-mdr-resensitization/data_cas_offinder/expanded_panel/genomes/GCF_000418345.1_genomic.fna,data_cas_offinder/null_baseline/configs/GCF_000418345.1_null_baseline_casoffinder_config.txt,results_cas_offinder/null_baseline/raw/GCF_000418345.1_null_baseline_offtargets.txt,17,20,NNNNNNNNNNNNNNNNNNNNNGG,4,True
GCF_000597845.1,/content/drive/MyDrive/crispr_mdr_fotr_journal_extension/github_repo/crispr-mdr-resensitization/data_cas_offinder/expanded_panel/genomes/GCF_000597845.1_genomic.fna,data_cas_offinder/null_baseline/configs/GCF_000597845.1_null_baseline_casoffinder_config.txt,results_cas_offinder/null_baseline/raw/GCF_000597845.1_null_baseline_offtargets.txt,17,20,NNNNNNNNNNNNNNNNNNNNNGG,4,True
GCF_000597965.1,/content/drive/MyDrive/crispr_mdr_fotr_journal_extension/github_repo/crispr-mdr-resensitization/data_cas_offinder/expanded_panel/genomes/GCF_000597965.1_genomic.fna,data_cas_offinder/null_baseline/configs/GCF_000597965.1_null_baseline_casoffinder_config.txt,results_cas_offinder/null_baseline/raw/GCF_000597965.1_null_baseline_offtargets.txt,17,20,NNNNNNNNNNNNNNNNNNNNNGG,4,True
GCF_000599625.1,/content/drive/MyDrive/crispr_mdr_fotr_journal_extension/github_repo/crispr-mdr-resensitization/data_cas_offinder/expanded_panel/genomes/GCF_000599625.1_genomic.fna,data_cas_offinder/null_baseline/configs/GCF_000599625.1_null_baseline_casoffinder_config.txt,results_cas_offinder/null_baseline/raw/GCF_000599625.1_null_baseline_offtargets.txt,17,20,NNNNNNNNNNNNNNNNNNNNNGG,4,True
GCF_000599645.1,/content/drive/MyDrive/crispr_mdr_fotr_journal_extension/github_repo/crispr-mdr-resensitization/data_cas_offinder/expanded_panel/genomes/GCF_000599645.1_genomic.fna,data_cas_offinder/null_baseline/configs/GCF_000599645.1_null_baseline_casoffinder_config.txt,results_cas_offinder/null_baseline/raw/GCF_000599645.1_null_baseline_offtargets.txt,17,20,NNNNNNNNNNNNNNNNNNNNNGG,4,True
GCF_000599665.1,/content/drive/MyDrive/crispr_mdr_fotr_journal_extension/github_repo/crispr-mdr-resensitization/data_cas_offinder/expanded_panel/genomes/GCF_000599665.1_genomic.fna,data_cas_offinder/null_baseline/configs/GCF_000599665.1_null_baseline_casoffinder_config.txt,results_cas_offinder/null_baseline/raw/GCF_000599665.1_null_baseline_offtargets.txt,17,20,NNNNNNNNNNNNNNNNNNNNNGG,4,True
GCF_000599685.1,/content/drive/MyDrive/crispr_mdr_fotr_journal_extension/github_repo/crispr-mdr-resensitization/data_cas_offinder/expanded_panel/genomes/GCF_000599685.1_genomic.fna,data_cas_offinder/null_baseline/configs/GCF_000599685.1_null_baseline_casoffinder_config.txt,results_cas_offinder/null_baseline/raw/GCF_000599685.1_null_baseline_offtargets.txt,17,20,NNNNNNNNNNNNNNNNNNNNNGG,4,True
GCF_000599705.1,/content/drive/MyDrive/crispr_mdr_fotr_journal_extension/github_repo/crispr-mdr-resensitization/data_cas_offinder/expanded_panel/genomes/GCF_000599705.1_genomic.fna,data_cas_offinder/null_baseline/configs/GCF_000599705.1_null_baseline_casoffinder_config.txt,results_cas_offinder/null_baseline/raw/GCF_000599705.1_null_baseline_offtargets.txt,17,20,NNNNNNNNNNNNNNNNNNNNNGG,4,True
GCF_000626615.2,/content/drive/MyDrive/crispr_mdr_fotr_journal_extension/github_repo/crispr-mdr-resensitization/data_cas_offinder/expanded_panel/genomes/GCF_000626615.2_genomic.fna,data_cas_offinder/null_baseline/configs/GCF_000626615.2_null_baseline_casoffinder_config.txt,results_cas_offinder/null_baseline/raw/GCF_000626615.2_null_baseline_offtargets.txt,17,20,NNNNNNNNNNNNNNNNNNNNNGG,4,True
GCF_000695215.1,/content/drive/MyDrive/crispr_mdr_fotr_journal_extension/github_repo/crispr-mdr-resensitization/data_cas_offinder/expanded_panel/genomes/GCF_000695215.1_genomic.fna,data_cas_offinder/null_baseline/configs/GCF_000695215.1_null_baseline_casoffinder_config.txt,results_cas_offinder/null_baseline/raw/GCF_000695215.1_null_baseline_offtargets.txt,17,20,NNNNNNNNNNNNNNNNNNNNNGG,4,True
GCF_000695875.1,/content/drive/MyDrive/crispr_mdr_fotr_journal_extension/github_repo/crispr-mdr-resensitization/data_cas_offinder/expanded_panel/genomes/GCF_000695875.1_genomic.fna,data_cas_offinder/null_baseline/configs/GCF_000695875.1_null_baseline_casoffinder_config.txt,results_cas_offinder/null_baseline/raw/GCF_000695875.1_null_baseline_offtargets.txt,17,20,NNNNNNNNNNNNNNNNNNNNNGG,4,True
GCF_000709475.1,/content/drive/MyDrive/crispr_mdr_fotr_journal_extension/github_repo/crispr-mdr-resensitization/data_cas_offinder/expanded_panel/genomes/GCF_000709475.1_genomic.fna,data_cas_offinder/null_baseline/configs/GCF_000709475.1_null_baseline_casoffinder_config.txt,results_cas_offinder/null_baseline/raw/GCF_000709475.1_null_baseline_offtargets.txt,17,20,NNNNNNNNNNNNNNNNNNNNNGG,4,True
GCF_000739495.1,/content/drive/MyDrive/crispr_mdr_fotr_journal_extension/github_repo/crispr-mdr-resensitization/data_cas_offinder/expanded_panel/genomes/GCF_000739495.1_genomic.fna,data_cas_offinder/null_baseline/configs/GCF_000739495.1_null_baseline_casoffinder_config.txt,results_cas_offinder/null_baseline/raw/GCF_000739495.1_null_baseline_offtargets.txt,17,20,NNNNNNNNNNNNNNNNNNNNNGG,4,True
GCF_000746505.1,/content/drive/MyDrive/crispr_mdr_fotr_journal_extension/github_repo/crispr-mdr-resensitization/data_cas_offinder/expanded_panel/genomes/GCF_000746505.1_genomic.fna,data_cas_offinder/null_baseline/configs/GCF_000746505.1_null_baseline_casoffinder_config.txt,results_cas_offinder/null_baseline/raw/GCF_000746505.1_null_baseline_offtargets.txt,17,20,NNNNNNNNNNNNNNNNNNNNNGG,4,True
GCF_000756205.1,/content/drive/MyDrive/crispr_mdr_fotr_journal_extension/github_repo/crispr-mdr-resensitization/data_cas_offinder/expanded_panel/genomes/GCF_000756205.1_genomic.fna,data_cas_offinder/null_baseline/configs/GCF_000756205.1_null_baseline_casoffinder_config.txt,results_cas_offinder/null_baseline/raw/GCF_000756205.1_null_baseline_offtargets.txt,17,20,NNNNNNNNNNNNNNNNNNNNNGG,4,True
GCF_000764615.1,/content/drive/MyDrive/crispr_mdr_fotr_journal_extension/github_repo/crispr-mdr-resensitization/data_cas_offinder/expanded_panel/genomes/GCF_000764615.1_genomic.fna,data_cas_offinder/null_baseline/configs/GCF_000764615.1_null_baseline_casoffinder_config.txt,results_cas_offinder/null_baseline/raw/GCF_000764615.1_null_baseline_offtargets.txt,17,20,NNNNNNNNNNNNNNNNNNNNNGG,4,True
GCF_000769575.1,/content/drive/MyDrive/crispr_mdr_fotr_journal_extension/github_repo/crispr-mdr-resensitization/data_cas_offinder/expanded_panel/genomes/GCF_000769575.1_genomic.fna,data_cas_offinder/null_baseline/configs/GCF_000769575.1_null_baseline_casoffinder_config.txt,results_cas_offinder/null_baseline/raw/GCF_000769575.1_null_baseline_offtargets.txt,17,20,NNNNNNNNNNNNNNNNNNNNNGG,4,True
GCF_000772025.1,/content/drive/MyDrive/crispr_mdr_fotr_journal_extension/github_repo/crispr-mdr-resensitization/data_cas_offinder/expanded_panel/genomes/GCF_000772025.1_genomic.fna,data_cas_offinder/null_baseline/configs/GCF_000772025.1_null_baseline_casoffinder_config.txt,results_cas_offinder/null_baseline/raw/GCF_000772025.1_null_baseline_offtargets.txt,17,20,NNNNNNNNNNNNNNNNNNNNNGG,4,True
GCF_000775955.1,/content/drive/MyDrive/crispr_mdr_fotr_journal_extension/github_repo/crispr-mdr-resensitization/data_cas_offinder/expanded_panel/genomes/GCF_000775955.1_genomic.fna,data_cas_offinder/null_baseline/configs/GCF_000775955.1_null_baseline_casoffinder_config.txt,results_cas_offinder/null_baseline/raw/GCF_000775955.1_null_baseline_offtargets.txt,17,20,NNNNNNNNNNNNNNNNNNNNNGG,4,True
GCF_000784925.1,/content/drive/MyDrive/crispr_mdr_fotr_journal_extension/github_repo/crispr-mdr-resensitization/data_cas_offinder/expanded_panel/genomes/GCF_000784925.1_genomic.fna,data_cas_offinder/null_baseline/configs/GCF_000784925.1_null_baseline_casoffinder_config.txt,results_cas_offinder/null_baseline/raw/GCF_000784925.1_null_baseline_offtargets.txt,17,20,NNNNNNNNNNNNNNNNNNNNNGG,4,True
GCF_000801165.1,/content/drive/MyDrive/crispr_mdr_fotr_journal_extension/github_repo/crispr-mdr-resensitization/data_cas_offinder/expanded_panel/genomes/GCF_000801165.1_genomic.fna,data_cas_offinder/null_baseline/configs/GCF_000801165.1_null_baseline_casoffinder_config.txt,results_cas_offinder/null_baseline/raw/GCF_000801165.1_null_baseline_offtargets.txt,17,20,NNNNNNNNNNNNNNNNNNNNNGG,4,True
GCF_000801185.2,/content/drive/MyDrive/crispr_mdr_fotr_journal_extension/github_repo/crispr-mdr-resensitization/data_cas_offinder/expanded_panel/genomes/GCF_000801185.2_genomic.fna,data_cas_offinder/null_baseline/configs/GCF_000801185.2_null_baseline_casoffinder_config.txt,results_cas_offinder/null_baseline/raw/GCF_000801185.2_null_baseline_offtargets.txt,17,20,NNNNNNNNNNNNNNNNNNNNNGG,4,True
GCF_000807395.2,/content/drive/MyDrive/crispr_mdr_fotr_journal_extension/github_repo/crispr-mdr-resensitization/data_cas_offinder/expanded_panel/genomes/GCF_000807395.2_genomic.fna,data_cas_offinder/null_baseline/configs/GCF_000807395.2_null_baseline_casoffinder_config.txt,results_cas_offinder/null_baseline/raw/GCF_000807395.2_null_baseline_offtargets.txt,17,20,NNNNNNNNNNNNNNNNNNNNNGG,4,True
GCF_000814145.2,/content/drive/MyDrive/crispr_mdr_fotr_journal_extension/github_repo/crispr-mdr-resensitization/data_cas_offinder/expanded_panel/genomes/GCF_000814145.2_genomic.fna,data_cas_offinder/null_baseline/configs/GCF_000814145.2_null_baseline_casoffinder_config.txt,results_cas_offinder/null_baseline/raw/GCF_000814145.2_null_baseline_offtargets.txt,17,20,NNNNNNNNNNNNNNNNNNNNNGG,4,True
GCF_000814305.1,/content/drive/MyDrive/crispr_mdr_fotr_journal_extension/github_repo/crispr-mdr-resensitization/data_cas_offinder/expanded_panel/genomes/GCF_000814305.1_genomic.fna,data_cas_offinder/null_baseline/configs/GCF_000814305.1_null_baseline_casoffinder_config.txt,results_cas_offinder/null_baseline/raw/GCF_000814305.1_null_baseline_offtargets.txt,17,20,NNNNNNNNNNNNNNNNNNNNNGG,4,True
GCF_000815045.1,/content/drive/MyDrive/crispr_mdr_fotr_journal_extension/github_repo/crispr-mdr-resensitization/data_cas_offinder/expanded_panel/genomes/GCF_000815045.1_genomic.fna,data_cas_offinder/null_baseline/configs/GCF_000815045.1_null_baseline_casoffinder_config.txt,results_cas_offinder/null_baseline/raw/GCF_000815045.1_null_baseline_offtargets.txt,17,20,NNNNNNNNNNNNNNNNNNNNNGG,4,True
GCF_000815085.1,/content/drive/MyDrive/crispr_mdr_fotr_journal_extension/github_repo/crispr-mdr-resensitization/data_cas_offinder/expanded_panel/genomes/GCF_000815085.1_genomic.fna,data_cas_offinder/null_baseline/configs/GCF_000815085.1_null_baseline_casoffinder_config.txt,results_cas_offinder/null_baseline/raw/GCF_000815085.1_null_baseline_offtargets.txt,17,20,NNNNNNNNNNNNNNNNNNNNNGG,4,True
GCF_000815125.1,/content/drive/MyDrive/crispr_mdr_fotr_journal_extension/github_repo/crispr-mdr-resensitization/data_cas_offinder/expanded_panel/genomes/GCF_000815125.1_genomic.fna,data_cas_offinder/null_baseline/configs/GCF_000815125.1_null_baseline_casoffinder_config.txt,results_cas_offinder/null_baseline/raw/GCF_000815125.1_null_baseline_offtargets.txt,17,20,NNNNNNNNNNNNNNNNNNNNNGG,4,True
GCF_000815165.1,/content/drive/MyDrive/crispr_mdr_fotr_journal_extension/github_repo/crispr-mdr-resensitization/data_cas_offinder/expanded_panel/genomes/GCF_000815165.1_genomic.fna,data_cas_offinder/null_baseline/configs/GCF_000815165.1_null_baseline_casoffinder_config.txt,results_cas_offinder/null_baseline/raw/GCF_000815165.1_null_baseline_offtargets.txt,17,20,NNNNNNNNNNNNNNNNNNNNNGG,4,True
GCF_000815205.1,/content/drive/MyDrive/crispr_mdr_fotr_journal_extension/github_repo/crispr-mdr-resensitization/data_cas_offinder/expanded_panel/genomes/GCF_000815205.1_genomic.fna,data_cas_offinder/null_baseline/configs/GCF_000815205.1_null_baseline_casoffinder_config.txt,results_cas_offinder/null_baseline/raw/GCF_000815205.1_null_baseline_offtargets.txt,17,20,NNNNNNNNNNNNNNNNNNNNNGG,4,True
GCF_000968155.1,/content/drive/MyDrive/crispr_mdr_fotr_journal_extension/github_repo/crispr-mdr-resensitization/data_cas_offinder/expanded_panel/genomes/GCF_000968155.1_genomic.fna,data_cas_offinder/null_baseline/configs/GCF_000968155.1_null_baseline_casoffinder_config.txt,results_cas_offinder/null_baseline/raw/GCF_000968155.1_null_baseline_offtargets.txt,17,20,NNNNNNNNNNNNNNNNNNNNNGG,4,True
GCF_001022035.1,/content/drive/MyDrive/crispr_mdr_fotr_journal_extension/github_repo/crispr-mdr-resensitization/data_cas_offinder/expanded_panel/genomes/GCF_001022035.1_genomic.fna,data_cas_offinder/null_baseline/configs/GCF_001022035.1_null_baseline_casoffinder_config.txt,results_cas_offinder/null_baseline/raw/GCF_001022035.1_null_baseline_offtargets.txt,17,20,NNNNNNNNNNNNNNNNNNNNNGG,4,True
GCF_001022175.1,/content/drive/MyDrive/crispr_mdr_fotr_journal_extension/github_repo/crispr-mdr-resensitization/data_cas_offinder/expanded_panel/genomes/GCF_001022175.1_genomic.fna,data_cas_offinder/null_baseline/configs/GCF_001022175.1_null_baseline_casoffinder_config.txt,results_cas_offinder/null_baseline/raw/GCF_001022175.1_null_baseline_offtargets.txt,17,20,NNNNNNNNNNNNNNNNNNNNNGG,4,True
GCF_001022235.1,/content/drive/MyDrive/crispr_mdr_fotr_journal_extension/github_repo/crispr-mdr-resensitization/data_cas_offinder/expanded_panel/genomes/GCF_001022235.1_genomic.fna,data_cas_offinder/null_baseline/configs/GCF_001022235.1_null_baseline_casoffinder_config.txt,results_cas_offinder/null_baseline/raw/GCF_001022235.1_null_baseline_offtargets.txt,17,20,NNNNNNNNNNNNNNNNNNNNNGG,4,True
